temperature,red,green,blue
0,255,0,0
5,255,0,0
10,255,0,0
15,255,0,0
20,255,0,0
25,255,0,0
30,255,0,0
35,255,0,0
40,255,0,0
45,255,0,0
50,255,0,0
55,255,0,0
60,255,0,0
65,255,0,0
70,255,0,0
75,255,0,0
80,255,0,0
85,255,0,0
90,255,0,0
95,255,0,0
100,255,0,0
105,255,0,0
110,255,0,0
115,255,0,0
120,255,0,0
125,255,0,0
130,255,0,0
135,255,0,0
140,255,0,0
145,255,0,0
150,255,0,0
155,255,0,0
160,255,0,0
165,255,0,0
170,255,0,0
175,255,0,0
180,255,0,0
185,255,0,0
190,255,0,0
195,255,0,0
200,255,0,0
205,255,0,0
210,255,0,0
215,255,0,0
220,255,0,0
225,255,0,0
230,255,0,0
235,255,0,0
240,255,0,0
245,255,0,0
250,255,0,0
255,255,0,0
260,255,0,0
265,255,0,0
270,255,0,0
275,255,0,0
280,255,0,0
285,255,0,0
290,255,0,0
295,255,0,0
300,255,0,0
305,255,0,0
310,255,0,0
315,255,0,0
320,255,0,0
325,255,0,0
330,255,0,0
335,255,0,0
340,255,0,0
345,255,0,0
350,255,0,0
355,255,0,0
360,255,0,0
365,255,0,0
370,255,0,0
375,255,0,0
380,255,0,0
385,255,0,0
390,255,0,0
395,255,0,0
400,255,0,0
405,255,0,0
410,255,0,0
415,255,0,0
420,255,0,0
425,255,0,0
430,255,0,0
435,255,0,0
440,255,0,0
445,255,0,0
450,255,0,0
455,255,0,0
460,255,0,0
465,255,0,0
470,255,0,0
475,255,0,0
480,255,0,0
485,255,0,0
490,255,0,0
495,255,0,0
500,255,0,0
505,255,0,0
510,255,0,0
515,255,0,0
520,255,0,0
525,255,0,0
530,255,0,0
535,255,0,0
540,255,0,0
545,255,0,0
550,255,0,0
555,255,0,0
560,255,0,0
565,255,0,0
570,255,0,0
575,255,0,0
580,255,0,0
585,255,0,0
590,255,0,0
595,255,0,0
600,255,0,0
605,255,0,0
610,255,0,0
615,255,0,0
620,255,0,0
625,255,0,0
630,255,0,0
635,255,0,0
640,255,0,0
645,255,0,0
650,255,0,0
655,255,0,0
660,255,0,0
665,255,0,0
670,255,3.624308541,0
675,255,12.15396442,0
680,255,17.46487364,0
685,255,21.56617987,0
690,255,25.00396453,0
695,255,28.00987413,0
700,255,30.70719516,0
705,255,33.17052014,0
710,255,35.44891959,0
715,255,37.57664576,0
720,255,39.5786907,0
725,255,41.47392866,0
730,255,43.27701192,0
735,255,44.99957474,0
740,255,46.65103058,0
745,255,48.23911842,0
750,255,49.77028835,0
755,255,51.24998043,0
760,255,52.68283087,0
765,255,54.0728273,0
770,255,55.42342772,0
775,255,56.73765292,0
780,255,58.01815921,0
785,255,59.26729649,0
790,255,60.48715494,0
795,255,61.67960302,0
800,255,62.84631866,0
805,255,63.98881503,0
810,255,65.10846211,0
815,255,66.20650468,0
820,255,67.28407761,0
825,255,68.34221881,0
830,255,69.38188029,0
835,255,70.40393769,0
840,255,71.4091985,0
845,255,72.39840914,0
850,255,73.37226121,0
855,255,74.33139688,0
860,255,75.27641364,0
865,255,76.20786851,0
870,255,77.12628174,0
875,255,78.03214008,0
880,255,78.92589968,0
885,255,79.80798874,0
890,255,80.67880982,0
895,255,81.53874188,0
900,255,82.38814222,0
905,255,83.22734814,0
910,255,84.05667846,0
915,255,84.87643492,0
920,255,85.6869034,0
925,255,86.4883551,0
930,255,87.28104753,0
935,255,88.0652255,0
940,255,88.84112195,0
945,255,89.60895874,0
950,255,90.36894742,0
955,255,91.12128981,0
960,255,91.8661787,0
965,255,92.60379836,0
970,255,93.33432507,0
975,255,94.05792762,0
980,255,94.77476771,0
985,255,95.4850004,0
990,255,96.18877449,0
995,255,96.88623284,0
1000,255,97.57751273,0
1005,255,98.26274616,0
1010,255,98.94206011,0
1015,255,99.61557685,0
1020,255,100.2834141,0
1025,255,100.9456855,0
1030,255,101.6025004,0
1035,255,102.2539645,0
1040,255,102.9001797,0
1045,255,103.5412446,0
1050,255,104.1772543,0
1055,255,104.808301,0
1060,255,105.4344737,0
1065,255,106.0558586,0
1070,255,106.6725391,0
1075,255,107.2845962,0
1080,255,107.8921081,0
1085,255,108.4951509,0
1090,255,109.0937983,0
1095,255,109.6881218,0
1100,255,110.2781908,0
1105,255,110.8640727,0
1110,255,111.4458331,0
1115,255,112.0235356,0
1120,255,112.5972421,0
1125,255,113.1670129,0
1130,255,113.7329065,0
1135,255,114.2949798,0
1140,255,114.8532885,0
1145,255,115.4078866,0
1150,255,115.9588266,0
1155,255,116.50616,0
1160,255,117.0499367,0
1165,255,117.5902056,0
1170,255,118.1270142,0
1175,255,118.6604089,0
1180,255,119.1904351,0
1185,255,119.7171369,0
1190,255,120.2405576,0
1195,255,120.7607393,0
1200,255,121.2777232,0
1205,255,121.7915497,0
1210,255,122.302258,0
1215,255,122.8098867,0
1220,255,123.3144734,0
1225,255,123.8160549,0
1230,255,124.3146672,0
1235,255,124.8103457,0
1240,255,125.3031247,0
1245,255,125.7930382,0
1250,255,126.2801191,0
1255,255,126.7644,0
1260,255,127.2459124,0
1265,255,127.7246876,0
1270,255,128.2007561,0
1275,255,128.6741476,0
1280,255,129.1448916,0
1285,255,129.6130168,0
1290,255,130.0785513,0
1295,255,130.5415228,0
1300,255,131.0019584,0
1305,255,131.4598848,0
1310,255,131.9153281,0
1315,255,132.3683139,0
1320,255,132.8188675,0
1325,255,133.2670135,0
1330,255,133.7127763,0
1335,255,134.1561798,0
1340,255,134.5972472,0
1345,255,135.0360019,0
1350,255,135.4724662,0
1355,255,135.9066626,0
1360,255,136.3386129,0
1365,255,136.7683386,0
1370,255,137.1958609,0
1375,255,137.6212005,0
1380,255,138.044378,0
1385,255,138.4654134,0
1390,255,138.8843266,0
1395,255,139.3011371,0
1400,255,139.715864,0.110503731
1405,255,140.1285263,1.160987216
1410,255,140.5391425,2.228156016
1415,255,140.947731,3.312008213
1420,255,141.3543097,4.412540803
1425,255,141.7588963,5.529749701
1430,255,142.1615085,6.663629757
1435,255,142.5621633,7.798903337
1440,255,142.9608777,8.863610491
1445,255,143.3576685,9.865195654
1450,255,143.7525521,10.81479966
1455,255,144.1455447,11.72074834
1460,255,144.5366623,12.58944663
1465,255,144.9259206,13.42593929
1470,255,145.3133353,14.2342784
1475,255,145.6989216,15.01777294
1480,255,146.0826946,15.77916361
1485,255,146.4646692,16.52074831
1490,255,146.84486,17.24447446
1495,255,147.2232817,17.95200804
1500,255,147.5999483,18.64478625
1505,255,147.9748741,19.32405824
1510,255,148.3480729,19.99091703
1515,255,148.7195584,20.64632487
1520,255,149.0893442,21.29113355
1525,255,149.4574436,21.92610091
1530,255,149.8238697,22.55190429
1535,255,150.1886357,23.16915168
1540,255,150.5517542,23.77839093
1545,255,150.9132381,24.38011751
1550,255,151.2730998,24.97478102
1555,255,151.6313516,25.56279068
1560,255,151.9880057,26.14452009
1565,255,152.3430742,26.7203112
1570,255,152.696569,27.29047786
1575,255,153.0485018,27.85530875
1580,255,153.3988842,28.41507002
1585,255,153.7477277,28.9700076
1590,255,154.0950435,29.52034913
1595,255,154.4408429,30.06630577
1600,255,154.7851369,30.6080737
1605,255,155.1279365,31.14583553
1610,255,155.4692523,31.67976148
1615,255,155.8090951,32.21001048
1620,255,156.1474754,32.73673113
1625,255,156.4844036,33.26006256
1630,255,156.81989,33.7801352
1635,255,157.1539448,34.29707151
1640,255,157.486578,34.81098654
1645,255,157.8177995,35.32198858
1650,255,158.1476192,35.83017961
1655,255,158.4760468,36.3356558
1660,255,158.803092,36.8385079
1665,255,159.1287641,37.33882168
1670,255,159.4530726,37.83667824
1675,255,159.7760268,38.33215433
1680,255,160.0976359,38.82532267
1685,255,160.417909,39.31625221
1690,255,160.736855,39.80500836
1695,255,161.0544828,40.29165325
1700,255,161.3708014,40.77624591
1705,255,161.6858192,41.25884248
1710,255,161.9995451,41.73949639
1715,255,162.3119874,42.21825851
1720,255,162.6231546,42.69517732
1725,255,162.9330551,43.17029906
1730,255,163.2416971,43.64366781
1735,255,163.5490888,44.11532568
1740,255,163.8552383,44.5853129
1745,255,164.1601535,45.05366787
1750,255,164.4638425,45.52042737
1755,255,164.7663129,45.98562654
1760,255,165.0675727,46.44929905
1765,255,165.3676295,46.91147711
1770,255,165.6664909,47.37219161
1775,255,165.9641644,47.83147215
1780,255,166.2606575,48.28934711
1785,255,166.5559775,48.74584374
1790,255,166.8501319,49.20098816
1795,255,167.1431277,49.65480548
1800,255,167.4349723,50.10731982
1805,255,167.7256726,50.55855435
1810,255,168.0152358,51.00853135
1815,255,168.3036688,51.45727224
1820,255,168.5909784,51.90479764
1825,255,168.8771716,52.35112739
1830,255,169.1622551,52.79628059
1835,255,169.4462355,53.24027565
1840,255,169.7291196,53.68313029
1845,255,170.010914,54.1248616
1850,255,170.291625,54.56548605
1855,255,170.5712593,55.00501953
1860,255,170.8498232,55.44347736
1865,255,171.127323,55.88087433
1870,255,171.403765,56.31722473
1875,255,171.6791554,56.75254233
1880,255,171.9535005,57.18684046
1885,255,172.2268063,57.62013198
1890,255,172.4990789,58.05242933
1895,255,172.7703243,58.48374453
1900,255,173.0405485,58.9140892
1905,255,173.3097572,59.34347459
1910,255,173.5779565,59.77191157
1915,255,173.8451521,60.19941068
1920,255,174.1113497,60.6259821
1925,255,174.376555,61.05163571
1930,255,174.6407737,61.47638106
1935,255,174.9040114,61.90022742
1940,255,175.1662735,62.32318374
1945,255,175.4275657,62.74525875
1950,255,175.6878934,63.16646085
1955,255,175.9472619,63.58679824
1960,255,176.2056767,64.00627884
1965,255,176.4631431,64.42491034
1970,255,176.7196662,64.84270022
1975,255,176.9752515,65.25965572
1980,255,177.2299039,65.67578389
1985,255,177.4836288,66.09109154
1990,255,177.7364311,66.50558533
1995,255,177.9883159,66.9192717
2000,255,178.2392883,67.33215692
2005,255,178.4893532,67.74424708
2010,255,178.7385156,68.15554811
2015,255,178.9867803,68.56606576
2020,255,179.2341522,68.97580563
2025,255,179.4806361,69.38477318
2030,255,179.7262368,69.7929737
2035,255,179.9709591,70.20041237
2040,255,180.2148075,70.6070942
2045,255,180.4577868,71.0130241
2050,255,180.6999017,71.41820681
2055,255,180.9411566,71.82264699
2060,255,181.1815562,72.22634917
2065,255,181.4211049,72.62931774
2070,255,181.6598073,73.03155701
2075,255,181.8976678,73.43307117
2080,255,182.1346908,73.8338643
2085,255,182.3708806,74.23394038
2090,255,182.6062417,74.63330332
2095,255,182.8407783,75.0319569
2100,255,183.0744947,75.42990483
2105,255,183.3073951,75.82715071
2110,255,183.5394838,76.2236981
2115,255,183.770765,76.61955043
2120,255,184.0012427,77.01471107
2125,255,184.2309212,77.40918332
2130,255,184.4598044,77.80297039
2135,255,184.6878965,78.19607544
2140,255,184.9152015,78.58850152
2145,255,185.1417233,78.98025167
2150,255,185.367466,79.37132881
2155,255,185.5924334,79.76173582
2160,255,185.8166295,80.15147553
2165,255,186.0400581,80.54055069
2170,255,186.2627232,80.92896401
2175,255,186.4846285,81.31671811
2180,255,186.7057778,81.70381561
2185,255,186.9261748,82.09025903
2190,255,187.1458234,82.47605086
2195,255,187.3647273,82.86119354
2200,255,187.58289,83.24568945
2205,255,187.8003154,83.62954095
2210,255,188.0170069,84.01275032
2215,255,188.2329683,84.39531983
2220,255,188.448203,84.77725169
2225,255,188.6627148,85.15854806
2230,255,188.876507,85.53921107
2235,255,189.0895831,85.91924283
2240,255,189.3019468,86.29864539
2245,255,189.5136014,86.67742076
2250,255,189.7245503,87.05557092
2255,255,189.9347971,87.43309784
2260,255,190.1443449,87.81000342
2265,255,190.3531973,88.18628955
2270,255,190.5613575,88.56195808
2275,255,190.7688289,88.93701083
2280,255,190.9756148,89.3114496
2285,255,191.1817184,89.68527615
2290,255,191.3871429,90.05849222
2295,255,191.5918917,90.43109952
2300,255,191.7959679,90.80309973
2305,255,191.9993746,91.1744945
2310,255,192.2021151,91.54528548
2315,255,192.4041925,91.91547427
2320,255,192.6056099,92.28506246
2325,255,192.8063704,92.65405161
2330,255,193.006477,93.02244327
2335,255,193.2059329,93.39023895
2340,255,193.404741,93.75744015
2345,255,193.6029045,94.12404836
2350,255,193.8004262,94.49006503
2355,255,193.9973091,94.8554916
2360,255,194.1935563,95.2203295
2365,255,194.3891705,95.58458013
2370,255,194.5841549,95.94824488
2375,255,194.7785122,96.31132512
2380,255,194.9722453,96.6738222
2385,255,195.1653572,97.03573746
2390,255,195.3578505,97.39707223
2395,255,195.5497282,97.7578278
2400,255,195.7409931,98.11800548
2405,255,195.931648,98.47760654
2410,255,196.1216955,98.83663225
2415,255,196.3111386,99.19508385
2420,255,196.4999798,99.55296258
2425,255,196.6882219,99.91026967
2430,255,196.8758677,100.2670063
2435,255,197.0629198,100.6231738
2440,255,197.2493808,100.9787732
2445,255,197.4352535,101.3338057
2450,255,197.6205404,101.6882726
2455,255,197.8052441,102.0421749
2460,255,197.9893673,102.3955138
2465,255,198.1729126,102.7482904
2470,255,198.3558825,103.1005059
2475,255,198.5382795,103.4521614
2480,255,198.7201062,103.803258
2485,255,198.9013651,104.1537968
2490,255,199.0820588,104.5037789
2495,255,199.2621896,104.8532052
2500,255,199.4417601,105.2020771
2505,255,199.6207727,105.5503954
2510,255,199.7992299,105.8981612
2515,255,199.9771341,106.2453757
2520,255,200.1544877,106.5920397
2525,255,200.3312932,106.9381544
2530,255,200.5075528,107.2837208
2535,255,200.6832689,107.62874
2540,255,200.858444,107.9732128
2545,255,201.0330804,108.3171403
2550,255,201.2071803,108.6605236
2555,255,201.3807461,109.0033635
2560,255,201.5537801,109.3456612
2565,255,201.7262845,109.6874176
2570,255,201.8982617,110.0286335
2575,255,202.0697139,110.3693102
2580,255,202.2406434,110.7094483
2585,255,202.4110523,111.0490491
2590,255,202.5809429,111.3881133
2595,255,202.7503174,111.726642
2600,255,202.919178,112.064636
2605,255,203.0875269,112.4020964
2610,255,203.2553662,112.739024
2615,255,203.4226981,113.0754198
2620,255,203.5895247,113.4112848
2625,255,203.7558481,113.7466197
2630,255,203.9216706,114.0814256
2635,255,204.0869941,114.4157034
2640,255,204.2518207,114.7494539
2645,255,204.4161526,115.0826781
2650,255,204.5799918,115.4153768
2655,255,204.7433404,115.747551
2660,255,204.9062003,116.0792016
2665,255,205.0685737,116.4103294
2670,255,205.2304626,116.7409354
2675,255,205.3918689,117.0710203
2680,255,205.5527947,117.4005852
2685,255,205.7132419,117.7296308
2690,255,205.8732125,118.0581581
2695,255,206.0327086,118.3861679
2700,255,206.1917319,118.713661
2705,255,206.3502846,119.0406384
2710,255,206.5083684,119.3671009
2715,255,206.6659854,119.6930494
2720,255,206.8231374,120.0184847
2725,255,206.9798263,120.3434076
2730,255,207.136054,120.6678191
2735,255,207.2918224,120.9917199
2740,255,207.4471334,121.315111
2745,255,207.6019888,121.6379931
2750,255,207.7563905,121.9603671
2755,255,207.9103403,122.2822338
2760,255,208.0638399,122.6035941
2765,255,208.2168913,122.9244489
2770,255,208.3694963,123.2447988
2775,255,208.5216566,123.5646448
2780,255,208.673374,123.8839877
2785,255,208.8246503,124.2028284
2790,255,208.9754872,124.5211675
2795,255,209.1258866,124.8390061
2800,255,209.2758501,125.1563448
2805,255,209.4253795,125.4731845
2810,255,209.5744766,125.789526
2815,255,209.723143,126.1053702
2820,255,209.8713804,126.4207178
2825,255,210.0191906,126.7355697
2830,255,210.1665752,127.0499266
2835,255,210.313536,127.3637894
2840,255,210.4600746,127.6771589
2845,255,210.6061926,127.9900358
2850,255,210.7518917,128.302421
2855,255,210.8971736,128.6143154
2860,255,211.0420399,128.9257196
2865,255,211.1864922,129.2366344
2870,255,211.3305321,129.5470608
2875,255,211.4741613,129.8569994
2880,255,211.6173814,130.1664511
2885,255,211.7601939,130.4754167
2890,255,211.9026005,130.7838969
2895,255,212.0446026,131.0918925
2900,255,212.186202,131.3994044
2905,255,212.3274,131.7064333
2910,255,212.4681984,132.0129799
2915,255,212.6085986,132.3190452
2920,255,212.7486022,132.6246298
2925,255,212.8882107,132.9297346
2930,255,213.0274256,133.2343603
2935,255,213.1662485,133.5385078
2940,255,213.3046807,133.8421777
2945,255,213.442724,134.1453708
2950,255,213.5803796,134.4480881
2955,255,213.7176492,134.7503301
2960,255,213.8545341,135.0520977
2965,255,213.9910359,135.3533917
2970,255,214.127156,135.6542128
2975,255,214.2628958,135.9545618
2980,255,214.3982569,136.2544395
2985,255,214.5332405,136.5538467
2990,255,214.6678483,136.852784
2995,255,214.8020815,137.1512524
3000,255,214.9359417,137.4492524
3005,255,215.0694301,137.746785
3010,255,215.2025482,138.0438509
3015,255,215.3352975,138.3404507
3020,255,215.4676792,138.6365854
3025,255,215.5996948,138.9322556
3030,255,215.7313457,139.2274622
3035,255,215.8626331,139.5222058
3040,255,215.9935585,139.8164872
3045,255,216.1241232,140.1103072
3050,255,216.2543286,140.4036666
3055,255,216.384176,140.6965661
3060,255,216.5136667,140.9890064
3065,255,216.6428021,141.2809883
3070,255,216.7715834,141.5725125
3075,255,216.900012,141.8635799
3080,255,217.0280892,142.1541911
3085,255,217.1558163,142.444347
3090,255,217.2831945,142.7340481
3095,255,217.4102252,143.0232954
3100,255,217.5369097,143.3120895
3105,255,217.6632492,143.6004313
3110,255,217.789245,143.8883213
3115,255,217.9148983,144.1757604
3120,255,218.0402104,144.4627494
3125,255,218.1651825,144.7492889
3130,255,218.289816,145.0353797
3135,255,218.414112,145.3210226
3140,255,218.5380717,145.6062183
3145,255,218.6616964,145.8909674
3150,255,218.7849873,146.1752709
3155,255,218.9079457,146.4591293
3160,255,219.0305726,146.7425435
3165,255,219.1528694,147.0255142
3170,255,219.2748371,147.308042
3175,255,219.3964771,147.5901278
3180,255,219.5177905,147.8717723
3185,255,219.6387784,148.1529761
3190,255,219.7594421,148.4337401
3195,255,219.8797827,148.714065
3200,255,219.9998013,148.9939515
3205,255,220.1194992,149.2734002
3210,255,220.2388774,149.5524121
3215,255,220.3579372,149.8309877
3220,255,220.4766796,150.1091278
3225,255,220.5951058,150.3868331
3230,255,220.7132169,150.6641044
3235,255,220.831014,150.9409424
3240,255,220.9484984,151.2173477
3245,255,221.0656709,151.4933212
3250,255,221.1825329,151.7688635
3255,255,221.2990853,152.0439754
3260,255,221.4153293,152.3186576
3265,255,221.531266,152.5929107
3270,255,221.6468964,152.8667356
3275,255,221.7622217,153.1401329
3280,255,221.8772429,153.4131034
3285,255,221.9919611,153.6856477
3290,255,222.1063773,153.9577666
3295,255,222.2204926,154.2294608
3300,255,222.3343081,154.500731
3305,255,222.4478248,154.7715779
3310,255,222.5610438,155.0420023
3315,255,222.6739661,155.3120048
3320,255,222.7865927,155.5815861
3325,255,222.8989247,155.850747
3330,255,223.0109632,156.1194881
3335,255,223.122709,156.3878102
3340,255,223.2341633,156.655714
3345,255,223.3453271,156.9232002
3350,255,223.4562013,157.1902694
3355,255,223.566787,157.4569225
3360,255,223.6770852,157.72316
3365,255,223.7870968,157.9889827
3370,255,223.8968229,158.2543913
3375,255,224.0062645,158.5193866
3380,255,224.1154225,158.7839691
3385,255,224.2242978,159.0481396
3390,255,224.3328916,159.3118987
3395,255,224.4412047,159.5752473
3400,255,224.5492381,159.838186
3405,255,224.6569928,160.1007154
3410,255,224.7644697,160.3628363
3415,255,224.8716698,160.6245493
3420,255,224.978594,160.8858552
3425,255,225.0852433,161.1467547
3430,255,225.1916185,161.4072484
3435,255,225.2977207,161.667337
3440,255,225.4035508,161.9270212
3445,255,225.5091097,162.1863018
3450,255,225.6143983,162.4451793
3455,255,225.7194175,162.7036545
3460,255,225.8241683,162.9617281
3465,255,225.9286515,163.2194007
3470,255,226.0328681,163.476673
3475,255,226.1368189,163.7335458
3480,255,226.2405049,163.9900196
3485,255,226.343927,164.2460953
3490,255,226.447086,164.5017733
3495,255,226.5499828,164.7570546
3500,255,226.6526183,165.0119396
3505,255,226.7549935,165.2664291
3510,255,226.857109,165.5205238
3515,255,226.958966,165.7742244
3520,255,227.0605651,166.0275314
3525,255,227.1619073,166.2804457
3530,255,227.2629934,166.5329678
3535,255,227.3638242,166.7850984
3540,255,227.4644007,167.0368383
3545,255,227.5647237,167.288188
3550,255,227.664794,167.5391483
3555,255,227.7646125,167.7897198
3560,255,227.8641799,168.0399032
3565,255,227.9634972,168.2896992
3570,255,228.0625651,168.5391083
3575,255,228.1613846,168.7881314
3580,255,228.2599563,169.036769
3585,255,228.3582811,169.2850218
3590,255,228.4563599,169.5328905
3595,255,228.5541935,169.7803757
3600,255,228.6517826,170.0274781
3605,255,228.7491281,170.2741984
3610,255,228.8462307,170.5205371
3615,255,228.9430913,170.7664951
3620,255,229.0397107,171.0120729
3625,255,229.1360896,171.2572711
3630,255,229.2322288,171.5020905
3635,255,229.3281292,171.7465317
3640,255,229.4237915,171.9905954
3645,255,229.5192165,172.2342821
3650,255,229.6144049,172.4775926
3655,255,229.7093576,172.7205275
3660,255,229.8040752,172.9630875
3665,255,229.8985586,173.2052731
3670,255,229.9928085,173.4470851
3675,255,230.0868258,173.6885241
3680,255,230.180611,173.9295908
3685,255,230.274165,174.1702857
3690,255,230.3674886,174.4106095
3695,255,230.4605825,174.6505629
3700,255,230.5534474,174.8901466
3705,255,230.646084,175.1293611
3710,255,230.7384932,175.3682071
3715,255,230.8306756,175.6066852
3720,255,230.9226319,175.8447961
3725,255,231.014363,176.0825404
3730,255,231.1058695,176.3199188
3735,255,231.1971521,176.5569318
3740,255,231.2882115,176.7935802
3745,255,231.3790486,177.0298645
3750,255,231.4696639,177.2657854
3755,255,231.5600582,177.5013435
3760,255,231.6502322,177.7365395
3765,255,231.7401867,177.971374
3770,255,231.8299222,178.2058475
3775,255,231.9194395,178.4399608
3780,255,232.0087394,178.6737145
3785,255,232.0978224,178.9071092
3790,255,232.1866893,179.1401454
3795,255,232.2753408,179.372824
3800,255,232.3637775,179.6051453
3805,255,232.4520001,179.8371102
3810,255,232.5400094,180.0687192
3815,255,232.6278059,180.2999729
3820,255,232.7153904,180.530872
3825,255,232.8027636,180.761417
3830,255,232.889926,180.9916086
3835,255,232.9768784,181.2214474
3840,255,233.0636214,181.4509341
3845,255,233.1501557,181.6800692
3850,255,233.2364819,181.9088533
3855,255,233.3226007,182.1372871
3860,255,233.4085127,182.3653712
3865,255,233.4942187,182.5931061
3870,255,233.5797192,182.8204926
3875,255,233.6650148,183.0475311
3880,255,233.7501063,183.2742224
3885,255,233.8349942,183.500567
3890,255,233.9196793,183.7265655
3895,255,234.004162,183.9522186
3900,255,234.0884431,184.1775268
3905,255,234.1725232,184.4024907
3910,255,234.256403,184.627111
3915,255,234.3400829,184.8513883
3920,255,234.4235637,185.075323
3925,255,234.506846,185.298916
3930,255,234.5899304,185.5221677
3935,255,234.6728174,185.7450787
3940,255,234.7555078,185.9676497
3945,255,234.8380021,186.1898812
3950,255,234.920301,186.4117739
3955,255,235.0024049,186.6333283
3960,255,235.0843146,186.854545
3965,255,235.1660307,187.0754246
3970,255,235.2475536,187.2959677
3975,255,235.3288841,187.516175
3980,255,235.4100227,187.7360469
3985,255,235.49097,187.9555841
3990,255,235.5717266,188.1747871
3995,255,235.6522931,188.3936566
4000,255,235.73267,188.6121932
4005,255,235.812858,188.8303974
4010,255,235.8928576,189.0482697
4015,255,235.9726694,189.2658109
4020,255,236.0522939,189.4830214
4025,255,236.1317318,189.6999019
4030,255,236.2109836,189.9164529
4035,255,236.2900499,190.1326751
4040,255,236.3689312,190.3485689
4045,255,236.4476282,190.564135
4050,255,236.5261413,190.7793739
4055,255,236.6044711,190.9942863
4060,255,236.6826182,191.2088726
4065,255,236.7605831,191.4231335
4070,255,236.8383664,191.6370696
4075,255,236.9159686,191.8506813
4080,255,236.9933903,192.0639694
4085,255,237.0706321,192.2769343
4090,255,237.1476944,192.4895766
4095,255,237.2245779,192.7018969
4100,255,237.3012829,192.9138957
4105,255,237.3778102,193.1255737
4110,255,237.4541602,193.3369314
4115,255,237.5303335,193.5479693
4120,255,237.6063305,193.758688
4125,255,237.6821519,193.9690881
4130,255,237.7577981,194.1791702
4135,255,237.8332697,194.3889347
4140,255,237.9085672,194.5983823
4145,255,237.983691,194.8075135
4150,255,238.0586419,195.0163289
4155,255,238.1334201,195.224829
4160,255,238.2080264,195.4330144
4165,255,238.2824611,195.6408857
4170,255,238.3567248,195.8484433
4175,255,238.430818,196.0556879
4180,255,238.5047413,196.2626199
4185,255,238.578495,196.4692401
4190,255,238.6520798,196.6755488
4195,255,238.725496,196.8815467
4200,255,238.7987443,197.0872343
4205,255,238.8718252,197.2926121
4210,255,238.944739,197.4976807
4215,255,239.0174863,197.7024406
4220,255,239.0900677,197.9068924
4225,255,239.1624835,198.1110367
4230,255,239.2347343,198.3148739
4235,255,239.3068206,198.5184046
4240,255,239.3787428,198.7216294
4245,255,239.4505015,198.9245488
4250,255,239.5220971,199.1271632
4255,255,239.5935301,199.3294734
4260,255,239.664801,199.5314798
4265,255,239.7359102,199.7331829
4270,255,239.8068582,199.9345832
4275,255,239.8776456,200.1356814
4280,255,239.9482727,200.3364779
4285,255,240.0187401,200.5369733
4290,255,240.0890482,200.7371681
4295,255,240.1591974,200.9370628
4300,255,240.2291883,201.136658
4305,255,240.2990213,201.3359542
4310,255,240.3686969,201.534952
4315,255,240.4382154,201.7336517
4320,255,240.5075775,201.9320541
4325,255,240.5767835,202.1301595
4330,255,240.6458339,202.3279686
4335,255,240.7147291,202.5254818
4340,255,240.7834696,202.7226997
4345,255,240.8520559,202.9196227
4350,255,240.9204884,203.1162515
4355,255,240.9887675,203.3125865
4360,255,241.0568936,203.5086283
4365,255,241.1248673,203.7043774
4370,255,241.192689,203.8998342
4375,255,241.260359,204.0949993
4380,255,241.327878,204.2898732
4385,255,241.3952461,204.4844565
4390,255,241.462464,204.6787496
4395,255,241.5295321,204.8727531
4400,255,241.5964507,205.0664674
4405,255,241.6632203,205.2598931
4410,255,241.7298414,205.4530307
4415,255,241.7963143,205.6458807
4420,255,241.8626395,205.8384436
4425,255,241.9288175,206.0307199
4430,255,241.9948485,206.2227101
4435,255,242.0607332,206.4144148
4440,255,242.1264718,206.6058344
4445,255,242.1920647,206.7969694
4450,255,242.2575125,206.9878203
4455,255,242.3228156,207.1783877
4460,255,242.3879742,207.368672
4465,255,242.452989,207.5586737
4470,255,242.5178601,207.7483934
4475,255,242.5825882,207.9378315
4480,255,242.6471735,208.1269885
4485,255,242.7116165,208.315865
4490,255,242.7759176,208.5044613
4495,255,242.8400772,208.6927781
4500,255,242.9040957,208.8808158
4505,255,242.9679735,209.0685749
4510,255,243.031711,209.2560559
4515,255,243.0953086,209.4432592
4520,255,243.1587666,209.6301855
4525,255,243.2220855,209.8168351
4530,255,243.2852658,210.0032085
4535,255,243.3483076,210.1893063
4540,255,243.4112116,210.3751289
4545,255,243.473978,210.5606769
4550,255,243.5366072,210.7459506
4555,255,243.5990997,210.9309506
4560,255,243.6614557,211.1156773
4565,255,243.7236758,211.3001313
4570,255,243.7857602,211.4843131
4575,255,243.8477094,211.668223
4580,255,243.9095237,211.8518616
4585,255,243.9712035,212.0352294
4590,255,244.0327492,212.2183268
4595,255,244.0941612,212.4011544
4600,255,244.1554399,212.5837125
4605,255,244.2165855,212.7660017
4610,255,244.2775985,212.9480225
4615,255,244.3384793,213.1297752
4620,255,244.3992283,213.3112605
4625,255,244.4598457,213.4924787
4630,255,244.520332,213.6734304
4635,255,244.5806875,213.8541159
4640,255,244.6409126,214.0345358
4645,255,244.7010076,214.2146906
4650,255,244.760973,214.3945807
4655,255,244.8208091,214.5742065
4660,255,244.8805162,214.7535686
4665,255,244.9400947,214.9326674
4670,255,244.9995449,215.1115034
4675,255,245.0588673,215.290077
4680,255,245.1180621,215.4683887
4685,255,245.1771297,215.646439
4690,255,245.2360705,215.8242282
4695,255,245.2948848,216.001757
4700,255,245.353573,216.1790257
4705,255,245.4121354,216.3560348
4710,255,245.4705724,216.5327847
4715,255,245.5288843,216.709276
4720,255,245.5870715,216.885509
4725,255,245.6451342,217.0614842
4730,255,245.7030729,217.2372021
4735,255,245.7608879,217.4126632
4740,255,245.8185795,217.5878678
4745,255,245.876148,217.7628164
4750,255,245.9335939,217.9375095
4755,255,245.9909174,218.1119476
4760,255,246.0481189,218.286131
4765,255,246.1051986,218.4600603
4770,255,246.1621571,218.6337359
4775,255,246.2189945,218.8071581
4780,255,246.2757112,218.9803276
4785,255,246.3323075,219.1532446
4790,255,246.3887838,219.3259097
4795,255,246.4451404,219.4983233
4800,255,246.5013776,219.6704859
4805,255,246.5574958,219.8423978
4810,255,246.6134952,220.0140596
4815,255,246.6693762,220.1854717
4820,255,246.7251392,220.3566344
4825,255,246.7807843,220.5275483
4830,255,246.8363121,220.6982137
4835,255,246.8917227,220.8686312
4840,255,246.9470165,221.0388012
4845,255,247.0021938,221.208724
4850,255,247.0572549,221.3784002
4855,255,247.1122002,221.5478301
4860,255,247.1670299,221.7170142
4865,255,247.2217444,221.8859529
4870,255,247.276344,222.0546467
4875,255,247.3308289,222.223096
4880,255,247.3851996,222.3913012
4885,255,247.4394563,222.5592627
4890,255,247.4935993,222.726981
4895,255,247.5476289,222.8944565
4900,255,247.6015455,223.0616896
4905,255,247.6553492,223.2286808
4910,255,247.7090406,223.3954304
4915,255,247.7626197,223.561939
4920,255,247.816087,223.7282068
4925,255,247.8694428,223.8942344
4930,255,247.9226872,224.0600222
4935,255,247.9758208,224.2255706
4940,255,248.0288436,224.39088
4945,255,248.0817561,224.5559508
4950,255,248.1345586,224.7207834
4955,255,248.1872512,224.8853783
4960,255,248.2398344,225.0497359
4965,255,248.2923084,225.2138566
4970,255,248.3446734,225.3777408
4975,255,248.3969299,225.5413889
4980,255,248.4490781,225.7048014
4985,255,248.5011182,225.8679786
4990,255,248.5530506,226.030921
4995,255,248.6048756,226.193629
5000,255,248.6565933,226.356103
5005,255,248.7082042,226.5183433
5010,255,248.7597085,226.6803505
5015,255,248.8111065,226.8421249
5020,255,248.8623985,227.0036669
5025,255,248.9135847,227.1649769
5030,255,248.9646654,227.3260554
5035,255,249.015641,227.4869027
5040,255,249.0665116,227.6475193
5045,255,249.1172777,227.8079055
5050,255,249.1679393,227.9680618
5055,255,249.2184969,228.1279885
5060,255,249.2689507,228.2876861
5065,255,249.3193009,228.447155
5070,255,249.3695479,228.6063955
5075,255,249.4196919,228.7654081
5080,255,249.4697332,228.9241931
5085,255,249.5196721,229.082751
5090,255,249.5695088,229.2410822
5095,255,249.6192435,229.399187
5100,255,249.6688767,229.5570658
5105,255,249.7184085,229.7147191
5110,255,249.7678392,229.8721473
5115,255,249.817169,230.0293506
5120,255,249.8663983,230.1863296
5125,255,249.9155273,230.3430846
5130,255,249.9645562,230.499616
5135,255,250.0134853,230.6559242
5140,255,250.062315,230.8120096
5145,255,250.1110453,230.9678725
5150,255,250.1596767,231.1235134
5155,255,250.2082094,231.2789327
5160,255,250.2566435,231.4341307
5165,255,250.3049794,231.5891079
5170,255,250.3532174,231.7438645
5175,255,250.4013577,231.8984011
5180,255,250.4494005,232.0527179
5185,255,250.497346,232.2068154
5190,255,250.5451947,232.3606939
5195,255,250.5929466,232.5143539
5200,255,250.6406021,232.6677956
5205,255,250.6881614,232.8210196
5210,255,250.7356248,232.9740261
5215,255,250.7829924,233.1268156
5220,255,250.8302647,233.2793884
5225,255,250.8774417,233.4317449
5230,255,250.9245237,233.5838854
5235,255,250.9715111,233.7358105
5240,255,251.018404,233.8875203
5245,255,251.0652026,234.0390154
5250,255,251.1119073,234.190296
5255,255,251.1585183,234.3413627
5260,255,251.2050358,234.4922156
5265,255,251.25146,234.6428552
5270,255,251.2977912,234.7932819
5275,255,251.3440297,234.9434961
5280,255,251.3901756,235.093498
5285,255,251.4362293,235.2432881
5290,255,251.4821909,235.3928668
5295,255,251.5280606,235.5422344
5300,255,251.5738388,235.6913913
5305,255,251.6195257,235.8403378
5310,255,251.6651214,235.9890743
5315,255,251.7106263,236.1376013
5320,255,251.7560406,236.2859189
5325,255,251.8013644,236.4340277
5330,255,251.846598,236.5819279
5335,255,251.8917417,236.72962
5340,255,251.9367957,236.8771043
5345,255,251.9817602,237.0243811
5350,255,252.0266355,237.1714508
5355,255,252.0714217,237.3183138
5360,255,252.1161191,237.4649705
5365,255,252.160728,237.6114211
5370,255,252.2052485,237.7576661
5375,255,252.2496809,237.9037058
5380,255,252.2940253,238.0495405
5385,255,252.3382822,238.1951707
5390,255,252.3824515,238.3405966
5395,255,252.4265336,238.4858187
5400,255,252.4705288,238.6308373
5405,255,252.5144371,238.7756526
5410,255,252.5582589,238.9202652
5415,255,252.6019943,239.0646753
5420,255,252.6456437,239.2088833
5425,255,252.6892071,239.3528895
5430,255,252.7326848,239.4966943
5435,255,252.776077,239.6402981
5440,255,252.819384,239.7837011
5445,255,252.862606,239.9269038
5450,255,252.9057431,240.0699064
5455,255,252.9487956,240.2127094
5460,255,252.9917638,240.355313
5465,255,253.0346477,240.4977177
5470,255,253.0774477,240.6399237
5475,255,253.1201639,240.7819314
5480,255,253.1627966,240.9237412
5485,255,253.205346,241.0653533
5490,255,253.2478122,241.2067682
5495,255,253.2901955,241.3479861
5500,255,253.3324961,241.4890075
5505,255,253.3747142,241.6298326
5510,255,253.41685,241.7704618
5515,255,253.4589037,241.9108954
5520,255,253.5008756,242.0511338
5525,255,253.5427657,242.1911772
5530,255,253.5845745,242.3310262
5535,255,253.6263019,242.4706809
5540,255,253.6679483,242.6101417
5545,255,253.7095138,242.7494089
5550,255,253.7509987,242.888483
5555,255,253.7924031,243.0273641
5560,255,253.8337273,243.1660527
5565,255,253.8749714,243.304549
5570,255,253.9161357,243.4428535
5575,255,253.9572203,243.5809664
5580,255,253.9982255,243.7188881
5585,255,254.0391514,243.8566189
5590,255,254.0799982,243.9941591
5595,255,254.1207662,244.131509
5600,255,254.1614556,244.2686691
5605,255,254.2020665,244.4056395
5610,255,254.2425991,244.5424207
5615,255,254.2830536,244.6790129
5620,255,254.3234302,244.8154166
5625,255,254.3637292,244.9516319
5630,255,254.4039506,245.0876593
5635,255,254.4440948,245.223499
5640,255,254.4841618,245.3591515
5645,255,254.5241519,245.4946169
5650,255,254.5640653,245.6298956
5655,255,254.6039022,245.764988
5660,255,254.6436627,245.8998944
5665,255,254.683347,246.034615
5670,255,254.7229554,246.1691503
5675,255,254.7624879,246.3035005
5680,255,254.8019449,246.4376659
5685,255,254.8413265,246.5716469
5690,255,254.8806328,246.7054437
5695,255,254.9198641,246.8390567
5700,255,254.9590206,246.9724863
5705,255,254.9981023,247.1057327
5710,254.9628958,255,247.2028213
5715,254.9239801,255,247.2979314
5720,254.8851503,255,247.3929021
5725,254.8464062,255,247.4877339
5730,254.8077475,255,247.5824269
5735,254.769174,255,247.6769814
5740,254.7306854,255,247.7713977
5745,254.6922815,255,247.8656762
5750,254.653962,255,247.959817
5755,254.6157266,255,248.0538205
5760,254.5775752,255,248.1476869
5765,254.5395075,255,248.2414165
5770,254.5015231,255,248.3350095
5775,254.463622,255,248.4284664
5780,254.4258037,255,248.5217872
5785,254.3880682,255,248.6149724
5790,254.3504151,255,248.7080221
5795,254.3128442,255,248.8009367
5800,254.2753553,255,248.8937163
5805,254.2379481,255,248.9863614
5810,254.2006224,255,249.0788721
5815,254.1633779,255,249.1712488
5820,254.1262144,255,249.2634916
5825,254.0891317,255,249.3556009
5830,254.0521295,255,249.4475769
5835,254.0152076,255,249.5394199
5840,253.9783658,255,249.6311302
5845,253.9416038,255,249.722708
5850,253.9049215,255,249.8141535
5855,253.8683184,255,249.9054672
5860,253.8317946,255,249.9966491
5865,253.7953496,255,250.0876996
5870,253.7589833,255,250.1786189
5875,253.7226954,255,250.2694073
5880,253.6864858,255,250.3600651
5885,253.6503542,255,250.4505925
5890,253.6143003,255,250.5409898
5895,253.578324,255,250.6312572
5900,253.5424249,255,250.7213949
5905,253.506603,255,250.8114034
5910,253.470858,255,250.9012827
5915,253.4351896,255,250.9910331
5920,253.3995976,255,251.080655
5925,253.3640819,255,251.1701486
5930,253.3286421,255,251.259514
5935,253.2932781,255,251.3487516
5940,253.2579897,255,251.4378617
5945,253.2227766,255,251.5268444
5950,253.1876386,255,251.6157
5955,253.1525756,255,251.7044288
5960,253.1175872,255,251.793031
5965,253.0826733,255,251.8815069
5970,253.0478336,255,251.9698567
5975,253.0130681,255,252.0580806
5980,252.9783763,255,252.146179
5985,252.9437582,255,252.234152
5990,252.9092135,255,252.322
5995,252.874742,255,252.4097231
6000,252.8403435,255,252.4973215
6005,252.8060179,255,252.5847956
6010,252.7717648,255,252.6721456
6015,252.737584,255,252.7593717
6020,252.7034755,255,252.8464741
6025,252.6694389,255,252.9334532
6030,252.6354741,255,253.0203091
6035,252.6015809,255,253.1070421
6040,252.567759,255,253.1936524
6045,252.5340082,255,253.2801403
6050,252.5003285,255,253.3665059
6055,252.4667195,255,253.4527496
6060,252.433181,255,253.5388716
6065,252.3997129,255,253.6248721
6070,252.366315,255,253.7107513
6075,252.332987,255,253.7965095
6080,252.2997288,255,253.8821469
6085,252.2665401,255,253.9676638
6090,252.2334208,255,254.0530603
6095,252.2003707,255,254.1383368
6100,252.1673896,255,254.2234934
6105,252.1344773,255,254.3085304
6110,252.1016336,255,254.3934479
6115,252.0688583,255,254.4782464
6120,252.0361511,255,254.5629259
6125,252.0035121,255,254.6474867
6130,251.9709408,255,254.731929
6135,251.9384372,255,254.8162531
6140,251.906001,255,254.9004591
6145,251.8736322,255,254.9845474
6150,251.7736792,254.9315003,255
6155,251.6587205,254.8477196,255
6160,251.5440195,254.7641107,255
6165,251.4295752,254.6806734,255
6170,251.3153869,254.5974069,255
6175,251.2014538,254.5143109,255
6180,251.087775,254.4313848,255
6185,250.9743497,254.3486281,255
6190,250.8611772,254.2660404,255
6195,250.7482566,254.183621,255
6200,250.6355872,254.1013696,255
6205,250.5231681,254.0192857,255
6210,250.4109986,253.9373687,255
6215,250.2990779,253.8556182,255
6220,250.1874052,253.7740336,255
6225,250.0759798,253.6926146,255
6230,249.9648007,253.6113605,255
6235,249.8538674,253.530271,255
6240,249.743179,253.4493455,255
6245,249.6327347,253.3685836,255
6250,249.5225337,253.2879848,255
6255,249.4125755,253.2075486,255
6260,249.302859,253.1272746,255
6265,249.1933837,253.0471622,255
6270,249.0841488,252.967211,255
6275,248.9751534,252.8874206,255
6280,248.8663969,252.8077905,255
6285,248.7578786,252.7283201,255
6290,248.6495976,252.6490092,255
6295,248.5415533,252.5698571,255
6300,248.433745,252.4908634,255
6305,248.3261718,252.4120277,255
6310,248.2188331,252.3333496,255
6315,248.1117281,252.2548285,255
6320,248.0048561,252.176464,255
6325,247.8982165,252.0982558,255
6330,247.7918084,252.0202032,255
6335,247.6856312,251.9423059,255
6340,247.5796842,251.8645634,255
6345,247.4739666,251.7869754,255
6350,247.3684778,251.7095413,255
6355,247.2632171,251.6322607,255
6360,247.1581837,251.5551331,255
6365,247.0533769,251.4781582,255
6370,246.9487962,251.4013355,255
6375,246.8444407,251.3246646,255
6380,246.7403098,251.248145,255
6385,246.6364028,251.1717764,255
6390,246.5327191,251.0955582,255
6395,246.4292579,251.0194901,255
6400,246.3260185,250.9435715,255
6405,246.2230004,250.8678023,255
6410,246.1202028,250.7921817,255
6415,246.0176251,250.7167096,255
6420,245.9152665,250.6413854,255
6425,245.8131265,250.5662088,255
6430,245.7112043,250.4911792,255
6435,245.6094994,250.4162964,255
6440,245.508011,250.3415598,255
6445,245.4067385,250.2669692,255
6450,245.3056813,250.192524,255
6455,245.2048387,250.1182239,255
6460,245.1042101,250.0440684,255
6465,245.0037947,249.9700572,255
6470,244.9035921,249.8961898,255
6475,244.8036015,249.8224659,255
6480,244.7038223,249.748885,255
6485,244.6042538,249.6754468,255
6490,244.5048955,249.6021508,255
6495,244.4057468,249.5289967,255
6500,244.3068069,249.4559841,255
6505,244.2080753,249.3831125,255
6510,244.1095513,249.3103816,255
6515,244.0112344,249.237791,255
6520,243.9131239,249.1653403,255
6525,243.8152192,249.0930291,255
6530,243.7175196,249.0208571,255
6535,243.6200247,248.9488237,255
6540,243.5227337,248.8769288,255
6545,243.4256461,248.8051718,255
6550,243.3287613,248.7335524,255
6555,243.2320787,248.6620703,255
6560,243.1355976,248.590725,255
6565,243.0393175,248.5195161,255
6570,242.9432378,248.4484434,255
6575,242.8473578,248.3775063,255
6580,242.7516771,248.3067047,255
6585,242.656195,248.2360379,255
6590,242.560911,248.1655058,255
6595,242.4658244,248.095108,255
6600,242.3709347,248.024844,255
6605,242.2762413,247.9547135,255
6610,242.1817436,247.8847162,255
6615,242.0874411,247.8148516,255
6620,241.9933332,247.7451195,255
6625,241.8994192,247.6755194,255
6630,241.8056988,247.6060511,255
6635,241.7121712,247.5367141,255
6640,241.618836,247.467508,255
6645,241.5256925,247.3984326,255
6650,241.4327402,247.3294875,255
6655,241.3399786,247.2606723,255
6660,241.2474071,247.1919867,255
6665,241.1550251,247.1234303,255
6670,241.0628321,247.0550028,255
6675,240.9708276,246.9867038,255
6680,240.879011,246.918533,255
6685,240.7873818,246.85049,255
6690,240.6959393,246.7825746,255
6695,240.6046832,246.7147863,255
6700,240.5136128,246.6471248,255
6705,240.4227277,246.5795897,255
6710,240.3320272,246.5121808,255
6715,240.2415109,246.4448977,255
6720,240.1511782,246.3777401,255
6725,240.0610285,246.3107076,255
6730,239.9710615,246.2437999,255
6735,239.8812765,246.1770166,255
6740,239.791673,246.1103574,255
6745,239.7022506,246.0438221,255
6750,239.6130086,245.9774102,255
6755,239.5239466,245.9111214,255
6760,239.4350641,245.8449555,255
6765,239.3463605,245.778912,255
6770,239.2578353,245.7129907,255
6775,239.1694881,245.6471913,255
6780,239.0813184,245.5815133,255
6785,238.9933255,245.5159565,255
6790,238.9055091,245.4505207,255
6795,238.8178685,245.3852053,255
6800,238.7304034,245.3200102,255
6805,238.6431133,245.254935,255
6810,238.5559975,245.1899794,255
6815,238.4690557,245.1251431,255
6820,238.3822874,245.0604257,255
6825,238.295692,244.9958271,255
6830,238.209269,244.9313467,255
6835,238.1230181,244.8669844,255
6840,238.0369387,244.8027399,255
6845,237.9510302,244.7386127,255
6850,237.8652923,244.6746027,255
6855,237.7797245,244.6107094,255
6860,237.6943263,244.5469327,255
6865,237.6090971,244.4832721,255
6870,237.5240366,244.4197275,255
6875,237.4391443,244.3562984,255
6880,237.3544196,244.2929846,255
6885,237.2698622,244.2297859,255
6890,237.1854715,244.1667018,255
6895,237.1012471,244.1037321,255
6900,237.0171886,244.0408765,255
6905,236.9332954,243.9781346,255
6910,236.8495671,243.9155063,255
6915,236.7660032,243.8529913,255
6920,236.6826034,243.7905891,255
6925,236.5993671,243.7282995,255
6930,236.5162938,243.6661223,255
6935,236.4333832,243.6040571,255
6940,236.3506348,243.5421037,255
6945,236.2680481,243.4802618,255
6950,236.1856227,243.418531,255
6955,236.1033582,243.3569111,255
6960,236.021254,243.2954019,255
6965,235.9393098,243.234003,255
6970,235.8575251,243.1727141,255
6975,235.7758994,243.1115349,255
6980,235.6944324,243.0504653,255
6985,235.6131236,242.9895048,255
6990,235.5319726,242.9286533,255
6995,235.4509789,242.8679104,255
7000,235.3701421,242.8072758,255
7005,235.2894618,242.7467494,255
7010,235.2089375,242.6863308,255
7015,235.1285689,242.6260197,255
7020,235.0483554,242.5658158,255
7025,234.9682967,242.505719,255
7030,234.8883924,242.4457289,255
7035,234.8086419,242.3858452,255
7040,234.729045,242.3260677,255
7045,234.6496012,242.2663961,255
7050,234.57031,242.2068301,255
7055,234.4911711,242.1473695,255
7060,234.4121841,242.088014,255
7065,234.3333484,242.0287634,255
7070,234.2546638,241.9696173,255
7075,234.1761298,241.9105756,255
7080,234.097746,241.8516379,255
7085,234.019512,241.7928039,255
7090,233.9414275,241.7340735,255
7095,233.8634918,241.6754464,255
7100,233.7857048,241.6169223,255
7105,233.708066,241.5585009,255
7110,233.630575,241.500182,255
7115,233.5532313,241.4419653,255
7120,233.4760347,241.3838506,255
7125,233.3989846,241.3258376,255
7130,233.3220808,241.2679261,255
7135,233.2453227,241.2101158,255
7140,233.1687101,241.1524064,255
7145,233.0922426,241.0947978,255
7150,233.0159196,241.0372896,255
7155,232.939741,240.9798816,255
7160,232.8637062,240.9225736,255
7165,232.7878149,240.8653653,255
7170,232.7120667,240.8082564,255
7175,232.6364612,240.7512467,255
7180,232.5609981,240.694336,255
7185,232.4856769,240.6375241,255
7190,232.4104973,240.5808106,255
7195,232.335459,240.5241953,255
7200,232.2605615,240.467678,255
7205,232.1858044,240.4112585,255
7210,232.1111874,240.3549364,255
7215,232.0367102,240.2987117,255
7220,231.9623723,240.2425839,255
7225,231.8881734,240.1865529,255
7230,231.8141131,240.1306185,255
7235,231.740191,240.0747804,255
7240,231.6664069,240.0190383,255
7245,231.5927602,239.9633921,255
7250,231.5192507,239.9078415,255
7255,231.445878,239.8523862,255
7260,231.3726418,239.7970261,255
7265,231.2995416,239.7417609,255
7270,231.2265771,239.6865903,255
7275,231.153748,239.6315142,255
7280,231.081054,239.5765323,255
7285,231.0084945,239.5216443,255
7290,230.9360694,239.4668501,255
7295,230.8637782,239.4121494,255
7300,230.7916206,239.357542,255
7305,230.7195963,239.3030276,255
7310,230.6477049,239.2486061,255
7315,230.575946,239.1942772,255
7320,230.5043194,239.1400406,255
7325,230.4328246,239.0858962,255
7330,230.3614614,239.0318438,255
7335,230.2902293,238.977883,255
7340,230.2191281,238.9240138,255
7345,230.1481573,238.8702358,255
7350,230.0773168,238.8165489,255
7355,230.006606,238.7629527,255
7360,229.9360248,238.7094472,255
7365,229.8655727,238.6560321,255
7370,229.7952494,238.6027072,255
7375,229.7250546,238.5494722,255
7380,229.654988,238.4963269,255
7385,229.5850492,238.4432711,255
7390,229.5152379,238.3903047,255
7395,229.4455537,238.3374273,255
7400,229.3759964,238.2846389,255
7405,229.3065656,238.231939,255
7410,229.237261,238.1793277,255
7415,229.1680823,238.1268045,255
7420,229.0990291,238.0743694,255
7425,229.0301011,238.0220222,255
7430,228.961298,237.9697625,255
7435,228.8926195,237.9175902,255
7440,228.8240652,237.8655051,255
7445,228.7556349,237.813507,255
7450,228.6873282,237.7615956,255
7455,228.6191449,237.7097708,255
7460,228.5510845,237.6580324,255
7465,228.4831468,237.6063801,255
7470,228.4153314,237.5548138,255
7475,228.3476381,237.5033333,255
7480,228.2800666,237.4519382,255
7485,228.2126165,237.4006285,255
7490,228.1452875,237.349404,255
7495,228.0780794,237.2982644,255
7500,228.0109917,237.2472095,255
7505,227.9440243,237.1962391,255
7510,227.8771767,237.1453531,255
7515,227.8104488,237.0945512,255
7520,227.7438402,237.0438333,255
7525,227.6773505,236.9931991,255
7530,227.6109796,236.9426484,255
7535,227.544727,236.8921811,255
7540,227.4785926,236.8417969,255
7545,227.4125759,236.7914957,255
7550,227.3466768,236.7412772,255
7555,227.2808948,236.6911413,255
7560,227.2152298,236.6410878,255
7565,227.1496814,236.5911165,255
7570,227.0842493,236.5412271,255
7575,227.0189332,236.4914195,255
7580,226.9537329,236.4416936,255
7585,226.888648,236.392049,255
7590,226.8236783,236.3424857,255
7595,226.7588235,236.2930034,255
7600,226.6940833,236.2436019,255
7605,226.6294574,236.1942811,255
7610,226.5649455,236.1450407,255
7615,226.5005473,236.0958807,255
7620,226.4362625,236.0468007,255
7625,226.372091,235.9978006,255
7630,226.3080323,235.9488803,255
7635,226.2440862,235.9000394,255
7640,226.1802525,235.851278,255
7645,226.1165308,235.8025957,255
7650,226.0529208,235.7539924,255
7655,225.9894224,235.7054678,255
7660,225.9260352,235.6570219,255
7665,225.8627589,235.6086545,255
7670,225.7995933,235.5603653,255
7675,225.736538,235.5121541,255
7680,225.6735929,235.4640209,255
7685,225.6107576,235.4159654,255
7690,225.5480319,235.3679874,255
7695,225.4854155,235.3200868,255
7700,225.4229082,235.2722633,255
7705,225.3605096,235.2245169,255
7710,225.2982195,235.1768473,255
7715,225.2360376,235.1292543,255
7720,225.1739638,235.0817378,255
7725,225.1119976,235.0342976,255
7730,225.0501388,234.9869336,255
7735,224.9883872,234.9396454,255
7740,224.9267426,234.8924331,255
7745,224.8652046,234.8452963,255
7750,224.8037729,234.798235,255
7755,224.7424474,234.751249,255
7760,224.6812278,234.704338,255
7765,224.6201138,234.657502,255
7770,224.5591051,234.6107407,255
7775,224.4982016,234.5640539,255
7780,224.4374029,234.5174416,255
7785,224.3767087,234.4709035,255
7790,224.3161189,234.4244395,255
7795,224.2556332,234.3780494,255
7800,224.1952513,234.331733,255
7805,224.134973,234.2854902,255
7810,224.074798,234.2393207,255
7815,224.014726,234.1932245,255
7820,223.9547569,234.1472014,255
7825,223.8948904,234.1012512,255
7830,223.8351262,234.0553737,255
7835,223.775464,234.0095688,255
7840,223.7159037,233.9638363,255
7845,223.656445,233.918176,255
7850,223.5970876,233.8725878,255
7855,223.5378313,233.8270716,255
7860,223.4786759,233.7816271,255
7865,223.4196211,233.7362542,255
7870,223.3606666,233.6909527,255
7875,223.3018123,233.6457225,255
7880,223.2430579,233.6005635,255
7885,223.1844031,233.5554754,255
7890,223.1258477,233.5104581,255
7895,223.0673915,233.4655114,255
7900,223.0090342,233.4206352,255
7905,222.9507756,233.3758293,255
7910,222.8926155,233.3310936,255
7915,222.8345536,233.286428,255
7920,222.7765897,233.2418321,255
7925,222.7187235,233.197306,255
7930,222.6609549,233.1528494,255
7935,222.6032835,233.1084622,255
7940,222.5457092,233.0641442,255
7945,222.4882318,233.0198954,255
7950,222.4308509,232.9757154,255
7955,222.3735664,232.9316042,255
7960,222.316378,232.8875617,255
7965,222.2592856,232.8435876,255
7970,222.2022888,232.7996818,255
7975,222.1453875,232.7558442,255
7980,222.0885814,232.7120746,255
7985,222.0318703,232.6683729,255
7990,221.975254,232.6247389,255
7995,221.9187323,232.5811725,255
8000,221.8623049,232.5376734,255
8005,221.8059716,232.4942417,255
8010,221.7497322,232.450877,255
8015,221.6935864,232.4075794,255
8020,221.6375341,232.3643485,255
8025,221.5815751,232.3211844,255
8030,221.525709,232.2780868,255
8035,221.4699357,232.2350555,255
8040,221.414255,232.1920905,255
8045,221.3586667,232.1491916,255
8050,221.3031704,232.1063586,255
8055,221.2477661,232.0635915,255
8060,221.1924535,232.02089,255
8065,221.1372324,231.978254,255
8070,221.0821026,231.9356834,255
8075,221.0270638,231.893178,255
8080,220.9721159,231.8507378,255
8085,220.9172586,231.8083624,255
8090,220.8624918,231.7660519,255
8095,220.8078151,231.723806,255
8100,220.7532285,231.6816247,255
8105,220.6987317,231.6395077,255
8110,220.6443244,231.597455,255
8115,220.5900065,231.5554664,255
8120,220.5357778,231.5135417,255
8125,220.4816381,231.4716809,255
8130,220.4275871,231.4298838,255
8135,220.3736247,231.3881502,255
8140,220.3197506,231.34648,255
8145,220.2659647,231.3048731,255
8150,220.2122667,231.2633293,255
8155,220.1586564,231.2218485,255
8160,220.1051336,231.1804306,255
8165,220.0516982,231.1390755,255
8170,219.99835,231.0977829,255
8175,219.9450886,231.0565528,255
8180,219.891914,231.015385,255
8185,219.8388259,230.9742793,255
8190,219.7858241,230.9332358,255
8195,219.7329084,230.8922542,255
8200,219.6800787,230.8513343,255
8205,219.6273347,230.8104761,255
8210,219.5746763,230.7696795,255
8215,219.5221032,230.7289442,255
8220,219.4696152,230.6882702,255
8225,219.4172122,230.6476573,255
8230,219.3648939,230.6071054,255
8235,219.3126602,230.5666144,255
8240,219.2605109,230.5261841,255
8245,219.2084458,230.4858144,255
8250,219.1564646,230.4455053,255
8255,219.1045672,230.4052564,255
8260,219.0527534,230.3650678,255
8265,219.001023,230.3249393,255
8270,218.9493759,230.2848707,255
8275,218.8978118,230.244862,255
8280,218.8463305,230.204913,255
8285,218.7949319,230.1650235,255
8290,218.7436157,230.1251935,255
8295,218.6923818,230.0854229,255
8300,218.64123,230.0457114,255
8305,218.5901601,230.0060591,255
8310,218.5391719,229.9664657,255
8315,218.4882653,229.9269311,255
8320,218.43744,229.8874552,255
8325,218.3866959,229.8480379,255
8330,218.3360327,229.8086791,255
8335,218.2854504,229.7693785,255
8340,218.2349487,229.7301362,255
8345,218.1845274,229.690952,255
8350,218.1341864,229.6518258,255
8355,218.0839254,229.6127574,255
8360,218.0337443,229.5737467,255
8365,217.983643,229.5347936,255
8370,217.9336212,229.495898,255
8375,217.8836787,229.4570597,255
8380,217.8338154,229.4182787,255
8385,217.7840311,229.3795548,255
8390,217.7343257,229.3408879,255
8395,217.6846988,229.3022779,255
8400,217.6351505,229.2637246,255
8405,217.5856804,229.225228,255
8410,217.5362885,229.1867878,255
8415,217.4869745,229.1484041,255
8420,217.4377383,229.1100767,255
8425,217.3885797,229.0718054,255
8430,217.3394985,229.0335902,255
8435,217.2904945,228.995431,255
8440,217.2415676,228.9573275,255
8445,217.1927177,228.9192797,255
8450,217.1439444,228.8812876,255
8455,217.0952478,228.8433509,255
8460,217.0466275,228.8054695,255
8465,216.9980835,228.7676434,255
8470,216.9496155,228.7298724,255
8475,216.9012234,228.6921564,255
8480,216.852907,228.6544953,255
8485,216.8046662,228.616889,255
8490,216.7565008,228.5793374,255
8495,216.7084106,228.5418403,255
8500,216.6603954,228.5043977,255
8505,216.6124551,228.4670094,255
8510,216.5645896,228.4296753,255
8515,216.5167986,228.3923953,255
8520,216.4690819,228.3551693,255
8525,216.4214396,228.3179971,255
8530,216.3738712,228.2808788,255
8535,216.3263768,228.2438141,255
8540,216.2789562,228.206803,255
8545,216.2316091,228.1698453,255
8550,216.1843354,228.1329409,255
8555,216.1371349,228.0960898,255
8560,216.0900076,228.0592917,255
8565,216.0429532,228.0225467,255
8570,215.9959716,227.9858546,255
8575,215.9490625,227.9492152,255
8580,215.902226,227.9126285,255
8585,215.8554617,227.8760944,255
8590,215.8087696,227.8396128,255
8595,215.7621494,227.8031835,255
8600,215.7156011,227.7668064,255
8605,215.6691244,227.7304815,255
8610,215.6227193,227.6942086,255
8615,215.5763855,227.6579877,255
8620,215.5301229,227.6218185,255
8625,215.4839314,227.5857011,255
8630,215.4378107,227.5496353,255
8635,215.3917608,227.513621,255
8640,215.3457814,227.4776581,255
8645,215.2998725,227.4417466,255
8650,215.2540339,227.4058861,255
8655,215.2082654,227.3700768,255
8660,215.1625669,227.3343185,255
8665,215.1169382,227.2986111,255
8670,215.0713791,227.2629544,255
8675,215.0258896,227.2273484,255
8680,214.9804694,227.191793,255
8685,214.9351185,227.156288,255
8690,214.8898366,227.1208334,255
8695,214.8446237,227.0854291,255
8700,214.7994795,227.050075,255
8705,214.754404,227.0147709,255
8710,214.7093969,226.9795168,255
8715,214.6644581,226.9443125,255
8720,214.6195876,226.909158,255
8725,214.5747851,226.8740532,255
8730,214.5300504,226.8389979,255
8735,214.4853835,226.8039921,255
8740,214.4407842,226.7690357,255
8745,214.3962524,226.7341285,255
8750,214.3517879,226.6992705,255
8755,214.3073905,226.6644615,255
8760,214.2630602,226.6297015,255
8765,214.2187967,226.5949904,255
8770,214.1746,226.5603281,255
8775,214.1304698,226.5257144,255
8780,214.0864061,226.4911493,255
8785,214.0424088,226.4566327,255
8790,213.9984776,226.4221645,255
8795,213.9546124,226.3877446,255
8800,213.9108131,226.3533728,255
8805,213.8670795,226.3190492,255
8810,213.8234116,226.2847735,255
8815,213.7798091,226.2505458,255
8820,213.7362719,226.2163658,255
8825,213.6928,226.1822336,255
8830,213.6493931,226.148149,255
8835,213.6060511,226.1141119,255
8840,213.5627739,226.0801223,255
8845,213.5195613,226.04618,255
8850,213.4764132,226.0122849,255
8855,213.4333295,225.9784369,255
8860,213.39031,225.9446361,255
8865,213.3473546,225.9108822,255
8870,213.3044631,225.8771751,255
8875,213.2616355,225.8435148,255
8880,213.2188716,225.8099013,255
8885,213.1761712,225.7763343,255
8890,213.1335343,225.7428138,255
8895,213.0909606,225.7093397,255
8900,213.0484501,225.6759119,255
8905,213.0060026,225.6425303,255
8910,212.963618,225.6091949,255
8915,212.9212961,225.5759055,255
8920,212.8790369,225.5426621,255
8925,212.8368402,225.5094646,255
8930,212.7947058,225.4763128,255
8935,212.7526337,225.4432067,255
8940,212.7106237,225.4101462,255
8945,212.6686756,225.3771311,255
8950,212.6267894,225.3441615,255
8955,212.5849649,225.3112373,255
8960,212.543202,225.2783582,255
8965,212.5015005,225.2455243,255
8970,212.4598604,225.2127355,255
8975,212.4182814,225.1799917,255
8980,212.3767636,225.1472927,255
8985,212.3353067,225.1146385,255
8990,212.2939106,225.082029,255
8995,212.2525752,225.0494642,255
9000,212.2113003,225.0169439,255
9005,212.1700859,224.984468,255
9010,212.1289318,224.9520365,255
9015,212.0878379,224.9196493,255
9020,212.0468041,224.8873062,255
9025,212.0058302,224.8550073,255
9030,211.9649161,224.8227524,255
9035,211.9240618,224.7905414,255
9040,211.8832669,224.7583742,255
9045,211.8425316,224.7262508,255
9050,211.8018555,224.6941711,255
9055,211.7612387,224.662135,255
9060,211.7206809,224.6301424,255
9065,211.6801821,224.5981932,255
9070,211.6397422,224.5662874,255
9075,211.5993609,224.5344248,255
9080,211.5590382,224.5026054,255
9085,211.5187741,224.4708291,255
9090,211.4785682,224.4390958,255
9095,211.4384206,224.4074054,255
9100,211.3983311,224.3757578,255
9105,211.3582996,224.344153,255
9110,211.318326,224.3125909,255
9115,211.2784101,224.2810714,255
9120,211.2385519,224.2495944,255
9125,211.1987512,224.2181598,255
9130,211.1590079,224.1867676,255
9135,211.1193219,224.1554176,255
9140,211.079693,224.1241098,255
9145,211.0401212,224.0928442,255
9150,211.0006063,224.0616205,255
9155,210.9611483,224.0304388,255
9160,210.921747,223.999299,255
9165,210.8824022,223.9682009,255
9170,210.8431139,223.9371446,255
9175,210.803882,223.9061299,255
9180,210.7647063,223.8751567,255
9185,210.7255867,223.844225,255
9190,210.6865232,223.8133347,255
9195,210.6475155,223.7824856,255
9200,210.6085637,223.7516779,255
9205,210.5696675,223.7209112,255
9210,210.5308269,223.6901857,255
9215,210.4920417,223.6595011,255
9220,210.4533119,223.6288575,255
9225,210.4146373,223.5982547,255
9230,210.3760178,223.5676926,255
9235,210.3374533,223.5371712,255
9240,210.2989436,223.5066905,255
9245,210.2604888,223.4762503,255
9250,210.2220887,223.4458505,255
9255,210.1837431,223.4154911,255
9260,210.1454519,223.385172,255
9265,210.1072151,223.3548932,255
9270,210.0690325,223.3246544,255
9275,210.030904,223.2944558,255
9280,209.9928296,223.2642972,255
9285,209.954809,223.2341784,255
9290,209.9168423,223.2040996,255
9295,209.8789292,223.1740604,255
9300,209.8410697,223.144061,255
9305,209.8032637,223.1141012,255
9310,209.765511,223.084181,255
9315,209.7278116,223.0543002,255
9320,209.6901654,223.0244589,255
9325,209.6525722,222.9946568,255
9330,209.6150319,222.964894,255
9335,209.5775445,222.9351704,255
9340,209.5401098,222.9054859,255
9345,209.5027277,222.8758404,255
9350,209.4653982,222.8462339,255
9355,209.428121,222.8166663,255
9360,209.3908962,222.7871374,255
9365,209.3537235,222.7576474,255
9370,209.316603,222.7281959,255
9375,209.2795345,222.6987831,255
9380,209.2425178,222.6694088,255
9385,209.205553,222.640073,255
9390,209.1686398,222.6107755,255
9395,209.1317782,222.5815163,255
9400,209.0949681,222.5522954,255
9405,209.0582094,222.5231126,255
9410,209.0215019,222.493968,255
9415,208.9848457,222.4648613,255
9420,208.9482405,222.4357926,255
9425,208.9116863,222.4067618,255
9430,208.875183,222.3777688,255
9435,208.8387304,222.3488136,255
9440,208.8023285,222.319896,255
9445,208.7659772,222.291016,255
9450,208.7296764,222.2621736,255
9455,208.6934259,222.2333686,255
9460,208.6572257,222.204601,255
9465,208.6210757,222.1758707,255
9470,208.5849757,222.1471777,255
9475,208.5489258,222.1185219,255
9480,208.5129257,222.0899032,255
9485,208.4769754,222.0613215,255
9490,208.4410748,222.0327769,255
9495,208.4052238,222.0042691,255
9500,208.3694223,221.9757982,255
9505,208.3336701,221.947364,255
9510,208.2979673,221.9189666,255
9515,208.2623137,221.8906058,255
9520,208.2267091,221.8622816,255
9525,208.1911536,221.8339939,255
9530,208.155647,221.8057426,255
9535,208.1201892,221.7775277,255
9540,208.0847801,221.7493492,255
9545,208.0494197,221.7212068,255
9550,208.0141078,221.6931006,255
9555,207.9788443,221.6650306,255
9560,207.9436292,221.6369966,255
9565,207.9084623,221.6089985,255
9570,207.8733436,221.5810364,255
9575,207.8382729,221.5531101,255
9580,207.8032502,221.5252196,255
9585,207.7682754,221.4973648,255
9590,207.7333483,221.4695456,255
9595,207.698469,221.4417621,255
9600,207.6636372,221.414014,255
9605,207.628853,221.3863014,255
9610,207.5941162,221.3586242,255
9615,207.5594266,221.3309824,255
9620,207.5247844,221.3033757,255
9625,207.4901892,221.2758043,255
9630,207.4556411,221.248268,255
9635,207.42114,221.2207668,255
9640,207.3866857,221.1933006,255
9645,207.3522782,221.1658693,255
9650,207.3179174,221.1384729,255
9655,207.2836032,221.1111114,255
9660,207.2493354,221.0837845,255
9665,207.2151141,221.0564924,255
9670,207.1809392,221.0292349,255
9675,207.1468104,221.002012,255
9680,207.1127278,220.9748235,255
9685,207.0786913,220.9476695,255
9690,207.0447008,220.9205499,255
9695,207.0107561,220.8934646,255
9700,206.9768572,220.8664135,255
9705,206.9430041,220.8393967,255
9710,206.9091965,220.8124139,255
9715,206.8754345,220.7854653,255
9720,206.8417179,220.7585506,255
9725,206.8080467,220.7316699,255
9730,206.7744208,220.7048231,255
9735,206.74084,220.6780101,255
9740,206.7073044,220.6512308,255
9745,206.6738137,220.6244853,255
9750,206.640368,220.5977734,255
9755,206.6069672,220.5710951,255
9760,206.5736111,220.5444503,255
9765,206.5402996,220.517839,255
9770,206.5070328,220.4912611,255
9775,206.4738104,220.4647165,255
9780,206.4406325,220.4382052,255
9785,206.4074989,220.4117271,255
9790,206.3744095,220.3852822,255
9795,206.3413644,220.3588704,255
9800,206.3083633,220.3324916,255
9805,206.2754061,220.3061459,255
9810,206.242493,220.279833,255
9815,206.2096236,220.2535531,255
9820,206.176798,220.2273059,255
9825,206.144016,220.2010915,255
9830,206.1112777,220.1749098,255
9835,206.0785828,220.1487607,255
9840,206.0459314,220.1226442,255
9845,206.0133232,220.0965602,255
9850,205.9807584,220.0705087,255
9855,205.9482367,220.0444896,255
9860,205.9157581,220.0185028,255
9865,205.8833225,219.9925484,255
9870,205.8509299,219.9666261,255
9875,205.8185801,219.9407361,255
9880,205.7862731,219.9148781,255
9885,205.7540087,219.8890522,255
9890,205.721787,219.8632584,255
9895,205.6896078,219.8374964,255
9900,205.657471,219.8117664,255
9905,205.6253766,219.7860682,255
9910,205.5933245,219.7604018,255
9915,205.5613147,219.7347671,255
9920,205.5293469,219.7091641,255
9925,205.4974212,219.6835927,255
9930,205.4655375,219.6580528,255
9935,205.4336956,219.6325445,255
9940,205.4018956,219.6070676,255
9945,205.3701373,219.5816221,255
9950,205.3384207,219.5562079,255
9955,205.3067457,219.530825,255
9960,205.2751121,219.5054733,255
9965,205.24352,219.4801528,255
9970,205.2119693,219.4548635,255
9975,205.1804598,219.4296051,255
9980,205.1489915,219.4043778,255
9985,205.1175644,219.3791815,255
9990,205.0861783,219.354016,255
9995,205.0548331,219.3288814,255
10000,205.0235289,219.3037776,255
10005,204.9922655,219.2787045,255
10010,204.9610428,219.2536621,255
10015,204.9298607,219.2286504,255
10020,204.8987193,219.2036692,255
10025,204.8676184,219.1787185,255
10030,204.8365579,219.1537983,255
10035,204.8055378,219.1289085,255
10040,204.774558,219.1040491,255
10045,204.7436184,219.07922,255
10050,204.7127189,219.0544212,255
10055,204.6818595,219.0296526,255
10060,204.6510401,219.0049141,255
10065,204.6202606,218.9802057,255
10070,204.589521,218.9555274,255
10075,204.5588212,218.9308791,255
10080,204.528161,218.9062607,255
10085,204.4975405,218.8816722,255
10090,204.4669595,218.8571135,255
10095,204.436418,218.8325847,255
10100,204.4059159,218.8080856,255
10105,204.3754532,218.7836161,255
10110,204.3450297,218.7591763,255
10115,204.3146454,218.7347661,255
10120,204.2843003,218.7103855,255
10125,204.2539941,218.6860343,255
10130,204.223727,218.6617125,255
10135,204.1934988,218.6374201,255
10140,204.1633094,218.6131571,255
10145,204.1331588,218.5889233,255
10150,204.1030468,218.5647188,255
10155,204.0729735,218.5405434,255
10160,204.0429388,218.5163972,255
10165,204.0129425,218.4922801,255
10170,203.9829846,218.4681919,255
10175,203.9530651,218.4441328,255
10180,203.9231839,218.4201026,255
10185,203.8933408,218.3961013,255
10190,203.8635359,218.3721288,255
10195,203.8337691,218.3481851,255
10200,203.8040402,218.3242701,255
10205,203.7743493,218.3003838,255
10210,203.7446962,218.2765261,255
10215,203.715081,218.252697,255
10220,203.6855034,218.2288965,255
10225,203.6559635,218.2051245,255
10230,203.6264612,218.1813808,255
10235,203.5969964,218.1576656,255
10240,203.567569,218.1339787,255
10245,203.538179,218.1103201,255
10250,203.5088264,218.0866898,255
10255,203.479511,218.0630877,255
10260,203.4502327,218.0395137,255
10265,203.4209916,218.0159678,255
10270,203.3917875,217.9924499,255
10275,203.3626204,217.9689601,255
10280,203.3334902,217.9454982,255
10285,203.3043968,217.9220643,255
10290,203.2753403,217.8986582,255
10295,203.2463204,217.8752799,255
10300,203.2173372,217.8519294,255
10305,203.1883906,217.8286066,255
10310,203.1594804,217.8053114,255
10315,203.1306068,217.782044,255
10320,203.1017695,217.7588041,255
10325,203.0729685,217.7355917,255
10330,203.0442038,217.7124068,255
10335,203.0154752,217.6892494,255
10340,202.9867828,217.6661193,255
10345,202.9581265,217.6430166,255
10350,202.9295061,217.6199412,255
10355,202.9009217,217.5968931,255
10360,202.8723731,217.5738722,255
10365,202.8438604,217.5508784,255
10370,202.8153833,217.5279118,255
10375,202.786942,217.5049722,255
10380,202.7585363,217.4820597,255
10385,202.7301661,217.4591741,255
10390,202.7018313,217.4363155,255
10395,202.6735321,217.4134838,255
10400,202.6452681,217.390679,255
10405,202.6170395,217.3679009,255
10410,202.5888461,217.3451496,255
10415,202.5606878,217.322425,255
10420,202.5325647,217.2997271,255
10425,202.5044766,217.2770558,255
10430,202.4764235,217.254411,255
10435,202.4484053,217.2317928,255
10440,202.420422,217.2092011,255
10445,202.3924735,217.1866359,255
10450,202.3645597,217.164097,255
10455,202.3366806,217.1415845,255
10460,202.308836,217.1190984,255
10465,202.2810261,217.0966385,255
10470,202.2532506,217.0742048,255
10475,202.2255096,217.0517973,255
10480,202.1978029,217.0294159,255
10485,202.1701305,217.0070607,255
10490,202.1424924,216.9847314,255
10495,202.1148885,216.9624282,255
10500,202.0873187,216.940151,255
10505,202.0597829,216.9178997,255
10510,202.0322812,216.8956742,255
10515,202.0048134,216.8734746,255
10520,201.9773795,216.8513008,255
10525,201.9499794,216.8291528,255
10530,201.9226131,216.8070304,255
10535,201.8952805,216.7849337,255
10540,201.8679816,216.7628627,255
10545,201.8407162,216.7408172,255
10550,201.8134844,216.7187972,255
10555,201.7862861,216.6968028,255
10560,201.7591211,216.6748338,255
10565,201.7319896,216.6528902,255
10570,201.7048913,216.630972,255
10575,201.6778262,216.6090791,255
10580,201.6507944,216.5872115,255
10585,201.6237956,216.5653692,255
10590,201.59683,216.543552,255
10595,201.5698973,216.5217601,255
10600,201.5429976,216.4999932,255
10605,201.5161307,216.4782514,255
10610,201.4892968,216.4565346,255
10615,201.4624956,216.4348429,255
10620,201.4357271,216.4131761,255
10625,201.4089912,216.3915342,255
10630,201.382288,216.3699172,255
10635,201.3556174,216.348325,255
10640,201.3289792,216.3267576,255
10645,201.3023735,216.305215,255
10650,201.2758001,216.2836971,255
10655,201.2492591,216.2622038,255
10660,201.2227503,216.2407352,255
10665,201.1962738,216.2192912,255
10670,201.1698294,216.1978717,255
10675,201.1434171,216.1764767,255
10680,201.1170369,216.1551062,255
10685,201.0906887,216.1337601,255
10690,201.0643723,216.1124384,255
10695,201.0380879,216.0911411,255
10700,201.0118353,216.0698681,255
10705,200.9856145,216.0486193,255
10710,200.9594254,216.0273948,255
10715,200.9332679,216.0061945,255
10720,200.9071421,215.9850183,255
10725,200.8810478,215.9638662,255
10730,200.854985,215.9427382,255
10735,200.8289537,215.9216343,255
10740,200.8029537,215.9005543,255
10745,200.7769851,215.8794983,255
10750,200.7510477,215.8584662,255
10755,200.7251416,215.837458,255
10760,200.6992667,215.8164736,255
10765,200.6734229,215.7955131,255
10770,200.6476101,215.7745763,255
10775,200.6218284,215.7536632,255
10780,200.5960776,215.7327738,255
10785,200.5703578,215.7119081,255
10790,200.5446688,215.6910659,255
10795,200.5190106,215.6702474,255
10800,200.4933831,215.6494523,255
10805,200.4677863,215.6286808,255
10810,200.4422202,215.6079327,255
10815,200.4166847,215.5872081,255
10820,200.3911798,215.5665068,255
10825,200.3657053,215.5458288,255
10830,200.3402612,215.5251742,255
10835,200.3148476,215.5045429,255
10840,200.2894642,215.4839347,255
10845,200.2641112,215.4633498,255
10850,200.2387884,215.442788,255
10855,200.2134957,215.4222494,255
10860,200.1882332,215.4017338,255
10865,200.1630008,215.3812413,255
10870,200.1377984,215.3607718,255
10875,200.1126259,215.3403253,255
10880,200.0874834,215.3199016,255
10885,200.0623708,215.2995009,255
10890,200.037288,215.2791231,255
10895,200.0122349,215.2587681,255
10900,199.9872116,215.2384358,255
10905,199.962218,215.2181264,255
10910,199.9372539,215.1978396,255
10915,199.9123195,215.1775755,255
10920,199.8874145,215.1573341,255
10925,199.8625391,215.1371153,255
10930,199.837693,215.116919,255
10935,199.8128764,215.0967453,255
10940,199.788089,215.076594,255
10945,199.7633309,215.0564653,255
10950,199.7386021,215.0363589,255
10955,199.7139024,215.016275,255
10960,199.6892318,214.9962134,255
10965,199.6645904,214.9761742,255
10970,199.6399779,214.9561572,255
10975,199.6153944,214.9361624,255
10980,199.5908399,214.9161899,255
10985,199.5663142,214.8962396,255
10990,199.5418174,214.8763114,255
10995,199.5173494,214.8564053,255
11000,199.4929101,214.8365213,255
11005,199.4684994,214.8166594,255
11010,199.4441175,214.7968194,255
11015,199.4197641,214.7770014,255
11020,199.3954392,214.7572053,255
11025,199.3711429,214.7374312,255
11030,199.346875,214.7176789,255
11035,199.3226355,214.6979484,255
11040,199.2984244,214.6782398,255
11045,199.2742415,214.6585529,255
11050,199.250087,214.6388877,255
11055,199.2259606,214.6192442,255
11060,199.2018624,214.5996224,255
11065,199.1777923,214.5800222,255
11070,199.1537503,214.5604436,255
11075,199.1297363,214.5408865,255
11080,199.1057503,214.521351,255
11085,199.0817923,214.501837,255
11090,199.0578621,214.4823444,255
11095,199.0339597,214.4628732,255
11100,199.0100852,214.4434234,255
11105,198.9862384,214.423995,255
11110,198.9624193,214.4045879,255
11115,198.9386278,214.3852021,255
11120,198.914864,214.3658376,255
11125,198.8911277,214.3464942,255
11130,198.867419,214.3271721,255
11135,198.8437377,214.3078711,255
11140,198.8200838,214.2885912,255
11145,198.7964573,214.2693325,255
11150,198.7728582,214.2500947,255
11155,198.7492864,214.230878,255
11160,198.7257417,214.2116823,255
11165,198.7022243,214.1925076,255
11170,198.6787341,214.1733537,255
11175,198.655271,214.1542208,255
11180,198.6318349,214.1351087,255
11185,198.6084259,214.1160175,255
11190,198.5850438,214.096947,255
11195,198.5616887,214.0778973,255
11200,198.5383604,214.0588684,255
11205,198.515059,214.0398601,255
11210,198.4917844,214.0208725,255
11215,198.4685366,214.0019055,255
11220,198.4453154,213.9829592,255
11225,198.422121,213.9640334,255
11230,198.3989531,213.9451281,255
11235,198.3758119,213.9262434,255
11240,198.3526972,213.9073791,255
11245,198.329609,213.8885352,255
11250,198.3065472,213.8697118,255
11255,198.2835118,213.8509088,255
11260,198.2605028,213.832126,255
11265,198.2375202,213.8133637,255
11270,198.2145638,213.7946216,255
11275,198.1916336,213.7758997,255
11280,198.1687296,213.7571981,255
11285,198.1458518,213.7385166,255
11290,198.1230001,213.7198554,255
11295,198.1001745,213.7012142,255
11300,198.0773749,213.6825932,255
11305,198.0546012,213.6639922,255
11310,198.0318535,213.6454112,255
11315,198.0091317,213.6268503,255
11320,197.9864358,213.6083093,255
11325,197.9637656,213.5897883,255
11330,197.9411213,213.5712871,255
11335,197.9185026,213.5528059,255
11340,197.8959097,213.5343445,255
11345,197.8733424,213.5159029,255
11350,197.8508007,213.4974812,255
11355,197.8282845,213.4790792,255
11360,197.8057939,213.4606969,255
11365,197.7833288,213.4423343,255
11370,197.7608891,213.4239914,255
11375,197.7384748,213.4056681,255
11380,197.7160858,213.3873644,255
11385,197.6937222,213.3690803,255
11390,197.6713838,213.3508158,255
11395,197.6490707,213.3325708,255
11400,197.6267827,213.3143452,255
11405,197.6045199,213.2961391,255
11410,197.5822823,213.2779525,255
11415,197.5600697,213.2597853,255
11420,197.5378821,213.2416374,255
11425,197.5157195,213.2235088,255
11430,197.4935819,213.2053996,255
11435,197.4714691,213.1873097,255
11440,197.4493813,213.169239,255
11445,197.4273183,213.1511875,255
11450,197.40528,213.1331553,255
11455,197.3832665,213.1151422,255
11460,197.3612778,213.0971482,255
11465,197.3393137,213.0791733,255
11470,197.3173742,213.0612175,255
11475,197.2954593,213.0432808,255
11480,197.273569,213.0253631,255
11485,197.2517032,213.0074644,255
11490,197.2298618,212.9895846,255
11495,197.2080449,212.9717238,255
11500,197.1862524,212.9538819,255
11505,197.1644842,212.9360588,255
11510,197.1427404,212.9182546,255
11515,197.1210208,212.9004692,255
11520,197.0993255,212.8827026,255
11525,197.0776544,212.8649548,255
11530,197.0560074,212.8472257,255
11535,197.0343846,212.8295153,255
11540,197.0127859,212.8118236,255
11545,196.9912112,212.7941506,255
11550,196.9696605,212.7764961,255
11555,196.9481338,212.7588603,255
11560,196.926631,212.741243,255
11565,196.9051521,212.7236443,255
11570,196.883697,212.706064,255
11575,196.8622658,212.6885023,255
11580,196.8408584,212.670959,255
11585,196.8194747,212.6534341,255
11590,196.7981147,212.6359276,255
11595,196.7767784,212.6184395,255
11600,196.7554657,212.6009698,255
11605,196.7341766,212.5835183,255
11610,196.7129111,212.5660852,255
11615,196.6916691,212.5486703,255
11620,196.6704506,212.5312736,255
11625,196.6492555,212.5138951,255
11630,196.6280838,212.4965349,255
11635,196.6069355,212.4791927,255
11640,196.5858105,212.4618687,255
11645,196.5647088,212.4445628,255
11650,196.5436304,212.427275,255
11655,196.5225752,212.4100052,255
11660,196.5015432,212.3927534,255
11665,196.4805344,212.3755197,255
11670,196.4595486,212.3583038,255
11675,196.438586,212.3411059,255
11680,196.4176463,212.323926,255
11685,196.3967297,212.3067639,255
11690,196.3758361,212.2896196,255
11695,196.3549654,212.2724932,255
11700,196.3341175,212.2553846,255
11705,196.3132926,212.2382938,255
11710,196.2924904,212.2212207,255
11715,196.2717111,212.2041653,255
11720,196.2509545,212.1871277,255
11725,196.2302206,212.1701077,255
11730,196.2095095,212.1531053,255
11735,196.1888209,212.1361206,255
11740,196.168155,212.1191535,255
11745,196.1475116,212.1022039,255
11750,196.1268908,212.0852719,255
11755,196.1062925,212.0683574,255
11760,196.0857167,212.0514603,255
11765,196.0651633,212.0345808,255
11770,196.0446323,212.0177186,255
11775,196.0241237,212.0008739,255
11780,196.0036374,211.9840466,255
11785,195.9831734,211.9672366,255
11790,195.9627316,211.950444,255
11795,195.9423121,211.9336686,255
11800,195.9219148,211.9169106,255
11805,195.9015396,211.9001698,255
11810,195.8811866,211.8834462,255
11815,195.8608556,211.8667399,255
11820,195.8405467,211.8500507,255
11825,195.8202598,211.8333787,255
11830,195.7999949,211.8167238,255
11835,195.779752,211.800086,255
11840,195.759531,211.7834653,255
11845,195.7393318,211.7668617,255
11850,195.7191546,211.750275,255
11855,195.6989991,211.7337054,255
11860,195.6788654,211.7171528,255
11865,195.6587535,211.7006171,255
11870,195.6386632,211.6840984,255
11875,195.6185947,211.6675965,255
11880,195.5985478,211.6511116,255
11885,195.5785225,211.6346435,255
11890,195.5585188,211.6181922,255
11895,195.5385367,211.6017577,255
11900,195.5185761,211.58534,255
11905,195.4986369,211.5689391,255
11910,195.4787192,211.5525549,255
11915,195.4588229,211.5361874,255
11920,195.438948,211.5198366,255
11925,195.4190945,211.5035025,255
11930,195.3992622,211.487185,255
11935,195.3794513,211.4708841,255
11940,195.3596616,211.4545998,255
11945,195.3398931,211.438332,255
11950,195.3201458,211.4220808,255
11955,195.3004197,211.4058461,255
11960,195.2807147,211.3896279,255
11965,195.2610307,211.3734262,255
11970,195.2413679,211.3572409,255
11975,195.221726,211.341072,255
11980,195.2021052,211.3249195,255
11985,195.1825053,211.3087834,255
11990,195.1629263,211.2926636,255
11995,195.1433683,211.2765602,255
12000,195.1238311,211.2604731,255
12005,195.1043147,211.2444022,255
12010,195.0848191,211.2283476,255
12015,195.0653443,211.2123092,255
12020,195.0458903,211.1962871,255
12025,195.0264569,211.1802811,255
12030,195.0070443,211.1642912,255
12035,194.9876522,211.1483175,255
12040,194.9682808,211.1323599,255
12045,194.9489299,211.1164185,255
12050,194.9295997,211.100493,255
12055,194.9102899,211.0845836,255
12060,194.8910006,211.0686903,255
12065,194.8717318,211.0528129,255
12070,194.8524833,211.0369515,255
12075,194.8332553,211.021106,255
12080,194.8140477,211.0052765,255
12085,194.7948603,210.9894629,255
12090,194.7756933,210.9736652,255
12095,194.7565466,210.9578833,255
12100,194.7374201,210.9421173,255
12105,194.7183137,210.926367,255
12110,194.6992276,210.9106326,255
12115,194.6801616,210.8949139,255
12120,194.6611158,210.879211,255
12125,194.64209,210.8635238,255
12130,194.6230843,210.8478523,255
12135,194.6040986,210.8321965,255
12140,194.5851329,210.8165563,255
12145,194.5661872,210.8009317,255
12150,194.5472614,210.7853228,255
12155,194.5283555,210.7697295,255
12160,194.5094695,210.7541517,255
12165,194.4906033,210.7385895,255
12170,194.4717569,210.7230428,255
12175,194.4529304,210.7075115,255
12180,194.4341236,210.6919958,255
12185,194.4153365,210.6764955,255
12190,194.3965691,210.6610107,255
12195,194.3778214,210.6455412,255
12200,194.3590933,210.6300872,255
12205,194.3403848,210.6146485,255
12210,194.3216959,210.5992252,255
12215,194.3030266,210.5838171,255
12220,194.2843767,210.5684244,255
12225,194.2657464,210.553047,255
12230,194.2471355,210.5376848,255
12235,194.2285441,210.5223379,255
12240,194.2099721,210.5070061,255
12245,194.1914194,210.4916896,255
12250,194.1728861,210.4763882,255
12255,194.1543721,210.461102,255
12260,194.1358774,210.4458309,255
12265,194.1174019,210.430575,255
12270,194.0989457,210.4153341,255
12275,194.0805087,210.4001082,255
12280,194.0620908,210.3848974,255
12285,194.0436921,210.3697017,255
12290,194.0253125,210.3545209,255
12295,194.006952,210.3393551,255
12300,193.9886106,210.3242043,255
12305,193.9702882,210.3090684,255
12310,193.9519848,210.2939474,255
12315,193.9337004,210.2788413,255
12320,193.9154349,210.2637501,255
12325,193.8971883,210.2486737,255
12330,193.8789606,210.2336122,255
12335,193.8607518,210.2185655,255
12340,193.8425618,210.2035335,255
12345,193.8243907,210.1885164,255
12350,193.8062383,210.173514,255
12355,193.7881046,210.1585263,255
12360,193.7699897,210.1435533,255
12365,193.7518935,210.128595,255
12370,193.7338159,210.1136513,255
12375,193.715757,210.0987224,255
12380,193.6977167,210.083808,255
12385,193.679695,210.0689082,255
12390,193.6616918,210.054023,255
12395,193.6437072,210.0391524,255
12400,193.625741,210.0242964,255
12405,193.6077934,210.0094548,255
12410,193.5898642,209.9946277,255
12415,193.5719534,209.9798152,255
12420,193.554061,209.9650171,255
12425,193.5361869,209.9502334,255
12430,193.5183312,209.9354641,255
12435,193.5004939,209.9207093,255
12440,193.4826748,209.9059688,255
12445,193.4648739,209.8912427,255
12450,193.4470913,209.8765309,255
12455,193.4293269,209.8618335,255
12460,193.4115807,209.8471503,255
12465,193.3938527,209.8324814,255
12470,193.3761427,209.8178268,255
12475,193.3584509,209.8031865,255
12480,193.3407771,209.7885603,255
12485,193.3231214,209.7739483,255
12490,193.3054837,209.7593506,255
12495,193.287864,209.744767,255
12500,193.2702622,209.7301975,255
12505,193.2526784,209.7156421,255
12510,193.2351125,209.7011009,255
12515,193.2175645,209.6865737,255
12520,193.2000344,209.6720606,255
12525,193.1825221,209.6575615,255
12530,193.1650276,209.6430765,255
12535,193.1475509,209.6286055,255
12540,193.1300919,209.6141484,255
12545,193.1126507,209.5997053,255
12550,193.0952272,209.5852762,255
12555,193.0778213,209.570861,255
12560,193.0604331,209.5564597,255
12565,193.0430626,209.5420723,255
12570,193.0257096,209.5276987,255
12575,193.0083743,209.513339,255
12580,192.9910564,209.4989931,255
12585,192.9737562,209.4846611,255
12590,192.9564734,209.4703428,255
12595,192.939208,209.4560383,255
12600,192.9219602,209.4417476,255
12605,192.9047297,209.4274706,255
12610,192.8875167,209.4132073,255
12615,192.870321,209.3989577,255
12620,192.8531427,209.3847218,255
12625,192.8359817,209.3704996,255
12630,192.818838,209.356291,255
12635,192.8017116,209.342096,255
12640,192.7846025,209.3279146,255
12645,192.7675105,209.3137468,255
12650,192.7504358,209.2995926,255
12655,192.7333782,209.2854519,255
12660,192.7163378,209.2713247,255
12665,192.6993145,209.2572111,255
12670,192.6823083,209.2431109,255
12675,192.6653192,209.2290243,255
12680,192.6483471,209.214951,255
12685,192.6313921,209.2008912,255
12690,192.614454,209.1868449,255
12695,192.597533,209.1728119,255
12700,192.5806289,209.1587923,255
12705,192.5637417,209.1447861,255
12710,192.5468714,209.1307932,255
12715,192.5300181,209.1168137,255
12720,192.5131815,209.1028474,255
12725,192.4963618,209.0888945,255
12730,192.4795589,209.0749548,255
12735,192.4627728,209.0610283,255
12740,192.4460035,209.0471152,255
12745,192.4292509,209.0332152,255
12750,192.412515,209.0193284,255
12755,192.3957957,209.0054548,255
12760,192.3790932,208.9915944,255
12765,192.3624073,208.9777471,255
12770,192.345738,208.9639129,255
12775,192.3290853,208.9500919,255
12780,192.3124492,208.9362839,255
12785,192.2958296,208.922489,255
12790,192.2792265,208.9087072,255
12795,192.2626399,208.8949384,255
12800,192.2460698,208.8811827,255
12805,192.2295162,208.8674399,255
12810,192.212979,208.8537101,255
12815,192.1964582,208.8399933,255
12820,192.1799537,208.8262895,255
12825,192.1634657,208.8125985,255
12830,192.1469939,208.7989205,255
12835,192.1305385,208.7852554,255
12840,192.1140994,208.7716032,255
12845,192.0976765,208.7579638,255
12850,192.0812699,208.7443373,255
12855,192.0648795,208.7307236,255
12860,192.0485052,208.7171228,255
12865,192.0321472,208.7035347,255
12870,192.0158053,208.6899594,255
12875,191.9994795,208.6763968,255
12880,191.9831699,208.662847,255
12885,191.9668763,208.6493099,255
12890,191.9505988,208.6357855,255
12895,191.9343373,208.6222739,255
12900,191.9180918,208.6087749,255
12905,191.9018623,208.5952885,255
12910,191.8856488,208.5818148,255
12915,191.8694512,208.5683537,255
12920,191.8532696,208.5549052,255
12925,191.8371038,208.5414693,255
12930,191.820954,208.528046,255
12935,191.8048199,208.5146352,255
12940,191.7887018,208.501237,255
12945,191.7725994,208.4878513,255
12950,191.7565128,208.4744781,255
12955,191.740442,208.4611173,255
12960,191.7243869,208.4477691,255
12965,191.7083476,208.4344333,255
12970,191.6923239,208.4211099,255
12975,191.6763159,208.407799,255
12980,191.6603236,208.3945005,255
12985,191.6443469,208.3812143,255
12990,191.6283859,208.3679405,255
12995,191.6124404,208.3546791,255
13000,191.5965105,208.34143,255
13005,191.5805961,208.3281933,255
13010,191.5646973,208.3149688,255
13015,191.5488139,208.3017566,255
13020,191.5329461,208.2885568,255
13025,191.5170937,208.2753691,255
13030,191.5012567,208.2621937,255
13035,191.4854351,208.2490305,255
13040,191.469629,208.2358796,255
13045,191.4538382,208.2227408,255
13050,191.4380628,208.2096142,255
13055,191.4223027,208.1964997,255
13060,191.4065579,208.1833974,255
13065,191.3908284,208.1703072,255
13070,191.3751142,208.1572292,255
13075,191.3594152,208.1441632,255
13080,191.3437314,208.1311093,255
13085,191.3280628,208.1180675,255
13090,191.3124094,208.1050377,255
13095,191.2967712,208.0920199,255
13100,191.2811481,208.0790141,255
13105,191.2655402,208.0660204,255
13110,191.2499473,208.0530386,255
13115,191.2343695,208.0400688,255
13120,191.2188068,208.027111,255
13125,191.2032591,208.014165,255
13130,191.1877264,208.001231,255
13135,191.1722087,207.9883089,255
13140,191.1567059,207.9753987,255
13145,191.1412182,207.9625004,255
13150,191.1257453,207.9496139,255
13155,191.1102874,207.9367393,255
13160,191.0948443,207.9238764,255
13165,191.0794161,207.9110254,255
13170,191.0640028,207.8981862,255
13175,191.0486043,207.8853588,255
13180,191.0332206,207.8725431,255
13185,191.0178517,207.8597391,255
13190,191.0024975,207.8469469,255
13195,190.9871581,207.8341665,255
13200,190.9718334,207.8213977,255
13205,190.9565235,207.8086406,255
13210,190.9412282,207.7958951,255
13215,190.9259475,207.7831614,255
13220,190.9106816,207.7704392,255
13225,190.8954302,207.7577287,255
13230,190.8801934,207.7450298,255
13235,190.8649713,207.7323425,255
13240,190.8497637,207.7196667,255
13245,190.8345706,207.7070026,255
13250,190.8193921,207.6943499,255
13255,190.804228,207.6817088,255
13260,190.7890785,207.6690793,255
13265,190.7739434,207.6564612,255
13270,190.7588227,207.6438546,255
13275,190.7437165,207.6312595,255
13280,190.7286247,207.6186758,255
13285,190.7135472,207.6061036,255
13290,190.6984842,207.5935428,255
13295,190.6834355,207.5809934,255
13300,190.6684011,207.5684555,255
13305,190.653381,207.5559289,255
13310,190.6383751,207.5434136,255
13315,190.6233836,207.5309097,255
13320,190.6084063,207.5184172,255
13325,190.5934432,207.505936,255
13330,190.5784944,207.4934661,255
13335,190.5635597,207.4810075,255
13340,190.5486392,207.4685601,255
13345,190.5337329,207.4561241,255
13350,190.5188407,207.4436992,255
13355,190.5039626,207.4312857,255
13360,190.4890985,207.4188833,255
13365,190.4742486,207.4064921,255
13370,190.4594127,207.3941122,255
13375,190.4445909,207.3817434,255
13380,190.429783,207.3693857,255
13385,190.4149892,207.3570393,255
13390,190.4002093,207.3447039,255
13395,190.3854434,207.3323797,255
13400,190.3706915,207.3200665,255
13405,190.3559534,207.3077645,255
13410,190.3412293,207.2954736,255
13415,190.326519,207.2831937,255
13420,190.3118226,207.2709248,255
13425,190.2971401,207.258667,255
13430,190.2824714,207.2464202,255
13435,190.2678165,207.2341844,255
13440,190.2531753,207.2219596,255
13445,190.238548,207.2097458,255
13450,190.2239344,207.1975429,255
13455,190.2093345,207.185351,255
13460,190.1947484,207.17317,255
13465,190.1801759,207.1609999,255
13470,190.1656172,207.1488408,255
13475,190.151072,207.1366925,255
13480,190.1365406,207.1245551,255
13485,190.1220227,207.1124286,255
13490,190.1075185,207.1003129,255
13495,190.0930278,207.088208,255
13500,190.0785507,207.076114,255
13505,190.0640872,207.0640308,255
13510,190.0496372,207.0519584,255
13515,190.0352007,207.0398967,255
13520,190.0207777,207.0278459,255
13525,190.0063681,207.0158057,255
13530,189.9919721,207.0037763,255
13535,189.9775894,206.9917577,255
13540,189.9632202,206.9797497,255
13545,189.9488644,206.9677525,255
13550,189.934522,206.9557659,255
13555,189.920193,206.94379,255
13560,189.9058773,206.9318248,255
13565,189.8915749,206.9198701,255
13570,189.8772858,206.9079262,255
13575,189.8630101,206.8959928,255
13580,189.8487476,206.8840701,255
13585,189.8344984,206.8721579,255
13590,189.8202624,206.8602563,255
13595,189.8060397,206.8483653,255
13600,189.7918302,206.8364848,255
13605,189.7776338,206.8246148,255
13610,189.7634506,206.8127554,255
13615,189.7492806,206.8009065,255
13620,189.7351237,206.789068,255
13625,189.72098,206.7772401,255
13630,189.7068493,206.7654226,255
13635,189.6927318,206.7536156,255
13640,189.6786273,206.741819,255
13645,189.6645358,206.7300328,255
13650,189.6504574,206.7182571,255
13655,189.636392,206.7064917,255
13660,189.6223396,206.6947368,255
13665,189.6083002,206.6829922,255
13670,189.5942737,206.6712579,255
13675,189.5802602,206.6595341,255
13680,189.5662596,206.6478205,255
13685,189.5522719,206.6361173,255
13690,189.5382972,206.6244244,255
13695,189.5243353,206.6127418,255
13700,189.5103862,206.6010694,255
13705,189.49645,206.5894074,255
13710,189.4825267,206.5777556,255
13715,189.4686161,206.566114,255
13720,189.4547183,206.5544827,255
13725,189.4408333,206.5428616,255
13730,189.4269611,206.5312506,255
13735,189.4131016,206.5196499,255
13740,189.3992549,206.5080594,255
13745,189.3854208,206.496479,255
13750,189.3715995,206.4849088,255
13755,189.3577908,206.4733487,255
13760,189.3439947,206.4617988,255
13765,189.3302114,206.4502589,255
13770,189.3164406,206.4387292,255
13775,189.3026824,206.4272095,255
13780,189.2889369,206.4157,255
13785,189.2752039,206.4042005,255
13790,189.2614835,206.392711,255
13795,189.2477756,206.3812316,255
13800,189.2340802,206.3697622,255
13805,189.2203974,206.3583028,255
13810,189.206727,206.3468535,255
13815,189.1930691,206.3354141,255
13820,189.1794237,206.3239847,255
13825,189.1657907,206.3125652,255
13830,189.1521702,206.3011557,255
13835,189.138562,206.2897562,255
13840,189.1249663,206.2783665,255
13845,189.1113829,206.2669868,255
13850,189.0978119,206.255617,255
13855,189.0842533,206.2442571,255
13860,189.0707069,206.232907,255
13865,189.0571729,206.2215668,255
13870,189.0436512,206.2102365,255
13875,189.0301417,206.198916,255
13880,189.0166446,206.1876053,255
13885,189.0031596,206.1763045,255
13890,188.9896869,206.1650134,255
13895,188.9762265,206.1537322,255
13900,188.9627782,206.1424607,255
13905,188.9493421,206.1311989,255
13910,188.9359182,206.119947,255
13915,188.9225064,206.1087048,255
13920,188.9091068,206.0974723,255
13925,188.8957193,206.0862495,255
13930,188.8823439,206.0750364,255
13935,188.8689806,206.063833,255
13940,188.8556293,206.0526393,255
13945,188.8422902,206.0414553,255
13950,188.828963,206.0302809,255
13955,188.8156479,206.0191162,255
13960,188.8023448,206.0079611,255
13965,188.7890537,205.9968156,255
13970,188.7757746,205.9856798,255
13975,188.7625074,205.9745535,255
13980,188.7492522,205.9634368,255
13985,188.736009,205.9523297,255
13990,188.7227776,205.9412321,255
13995,188.7095582,205.9301441,255
14000,188.6963506,205.9190657,255
14005,188.6831549,205.9079968,255
14010,188.6699711,205.8969373,255
14015,188.6567991,205.8858874,255
14020,188.6436389,205.874847,255
14025,188.6304906,205.863816,255
14030,188.617354,205.8527945,255
14035,188.6042292,205.8417825,255
14040,188.5911162,205.8307799,255
14045,188.578015,205.8197868,255
14050,188.5649254,205.808803,255
14055,188.5518476,205.7978287,255
14060,188.5387815,205.7868638,255
14065,188.5257271,205.7759083,255
14070,188.5126844,205.7649621,255
14075,188.4996533,205.7540253,255
14080,188.4866339,205.7430978,255
14085,188.4736261,205.7321797,255
14090,188.4606299,205.7212709,255
14095,188.4476453,205.7103715,255
14100,188.4346723,205.6994813,255
14105,188.4217108,205.6886004,255
14110,188.4087609,205.6777288,255
14115,188.3958226,205.6668665,255
14120,188.3828958,205.6560135,255
14125,188.3699805,205.6451697,255
14130,188.3570767,205.6343351,255
14135,188.3441843,205.6235097,255
14140,188.3313035,205.6126936,255
14145,188.318434,205.6018867,255
14150,188.3055761,205.5910889,255
14155,188.2927295,205.5803004,255
14160,188.2798944,205.569521,255
14165,188.2670706,205.5587507,255
14170,188.2542582,205.5479896,255
14175,188.2414572,205.5372377,255
14180,188.2286675,205.5264949,255
14185,188.2158892,205.5157611,255
14190,188.2031222,205.5050365,255
14195,188.1903665,205.494321,255
14200,188.1776221,205.4836146,255
14205,188.164889,205.4729172,255
14210,188.1521671,205.4622289,255
14215,188.1394565,205.4515496,255
14220,188.1267571,205.4408794,255
14225,188.1140689,205.4302182,255
14230,188.1013919,205.419566,255
14235,188.0887261,205.4089228,255
14240,188.0760715,205.3982886,255
14245,188.0634281,205.3876633,255
14250,188.0507958,205.3770471,255
14255,188.0381747,205.3664398,255
14260,188.0255646,205.3558414,255
14265,188.0129657,205.345252,255
14270,188.0003779,205.3346715,255
14275,187.9878011,205.3241,255
14280,187.9752354,205.3135373,255
14285,187.9626808,205.3029835,255
14290,187.9501372,205.2924386,255
14295,187.9376046,205.2819026,255
14300,187.925083,205.2713755,255
14305,187.9125724,205.2608572,255
14310,187.9000728,205.2503477,255
14315,187.8875841,205.239847,255
14320,187.8751065,205.2293552,255
14325,187.8626397,205.2188722,255
14330,187.8501839,205.208398,255
14335,187.837739,205.1979326,255
14340,187.8253049,205.1874759,255
14345,187.8128818,205.177028,255
14350,187.8004695,205.1665889,255
14355,187.7880681,205.1561585,255
14360,187.7756776,205.1457369,255
14365,187.7632978,205.1353239,255
14370,187.7509289,205.1249197,255
14375,187.7385708,205.1145242,255
14380,187.7262234,205.1041374,255
14385,187.7138869,205.0937592,255
14390,187.701561,205.0833897,255
14395,187.689246,205.0730289,255
14400,187.6769417,205.0626768,255
14405,187.6646481,205.0523332,255
14410,187.6523652,205.0419983,255
14415,187.6400929,205.031672,255
14420,187.6278314,205.0213544,255
14425,187.6155806,205.0110453,255
14430,187.6033403,205.0007448,255
14435,187.5911108,204.9904529,255
14440,187.5788918,204.9801696,255
14445,187.5666835,204.9698948,255
14450,187.5544858,204.9596285,255
14455,187.5422986,204.9493708,255
14460,187.530122,204.9391217,255
14465,187.517956,204.928881,255
14470,187.5058006,204.9186488,255
14475,187.4936556,204.9084252,255
14480,187.4815212,204.89821,255
14485,187.4693973,204.8880033,255
14490,187.4572839,204.8778051,255
14495,187.4451809,204.8676153,255
14500,187.4330885,204.8574339,255
14505,187.4210065,204.847261,255
14510,187.4089349,204.8370965,255
14515,187.3968737,204.8269405,255
14520,187.384823,204.8167928,255
14525,187.3727827,204.8066536,255
14530,187.3607528,204.7965227,255
14535,187.3487332,204.7864002,255
14540,187.336724,204.776286,255
14545,187.3247251,204.7661802,255
14550,187.3127366,204.7560828,255
14555,187.3007585,204.7459937,255
14560,187.2887906,204.7359129,255
14565,187.276833,204.7258404,255
14570,187.2648857,204.7157762,255
14575,187.2529487,204.7057204,255
14580,187.241022,204.6956728,255
14585,187.2291055,204.6856335,255
14590,187.2171992,204.6756024,255
14595,187.2053031,204.6655796,255
14600,187.1934173,204.6555651,255
14605,187.1815417,204.6455588,255
14610,187.1696762,204.6355607,255
14615,187.1578209,204.6255708,255
14620,187.1459758,204.6155891,255
14625,187.1341408,204.6056157,255
14630,187.122316,204.5956504,255
14635,187.1105013,204.5856933,255
14640,187.0986967,204.5757444,255
14645,187.0869022,204.5658036,255
14650,187.0751177,204.5558709,255
14655,187.0633434,204.5459465,255
14660,187.0515791,204.5360301,255
14665,187.0398249,204.5261219,255
14670,187.0280806,204.5162217,255
14675,187.0163464,204.5063297,255
14680,187.0046223,204.4964458,255
14685,186.9929081,204.4865699,255
14690,186.9812039,204.4767021,255
14695,186.9695097,204.4668424,255
14700,186.9578254,204.4569907,255
14705,186.9461511,204.4471471,255
14710,186.9344867,204.4373115,255
14715,186.9228323,204.4274839,255
14720,186.9111877,204.4176644,255
14725,186.8995531,204.4078528,255
14730,186.8879283,204.3980493,255
14735,186.8763135,204.3882537,255
14740,186.8647085,204.3784661,255
14745,186.8531133,204.3686865,255
14750,186.841528,204.3589148,255
14755,186.8299525,204.3491511,255
14760,186.8183868,204.3393954,255
14765,186.8068309,204.3296475,255
14770,186.7952848,204.3199076,255
14775,186.7837485,204.3101756,255
14780,186.772222,204.3004515,255
14785,186.7607052,204.2907353,255
14790,186.7491982,204.2810269,255
14795,186.7377009,204.2713265,255
14800,186.7262133,204.2616339,255
14805,186.7147354,204.2519492,255
14810,186.7032672,204.2422723,255
14815,186.6918087,204.2326032,255
14820,186.6803599,204.222942,255
14825,186.6689208,204.2132886,255
14830,186.6574912,204.203643,255
14835,186.6460714,204.1940052,255
14840,186.6346611,204.1843752,255
14845,186.6232605,204.174753,255
14850,186.6118694,204.1651386,255
14855,186.600488,204.1555319,255
14860,186.5891161,204.145933,255
14865,186.5777538,204.1363418,255
14870,186.5664011,204.1267584,255
14875,186.5550579,204.1171827,255
14880,186.5437242,204.1076147,255
14885,186.5324,204.0980545,255
14890,186.5210854,204.0885019,255
14895,186.5097802,204.078957,255
14900,186.4984846,204.0694198,255
14905,186.4871984,204.0598903,255
14910,186.4759217,204.0503685,255
14915,186.4646544,204.0408543,255
14920,186.4533966,204.0313478,255
14925,186.4421482,204.0218489,255
14930,186.4309092,204.0123576,255
14935,186.4196796,204.0028739,255
14940,186.4084594,203.9933979,255
14945,186.3972487,203.9839295,255
14950,186.3860472,203.9744686,255
14955,186.3748552,203.9650154,255
14960,186.3636724,203.9555697,255
14965,186.3524991,203.9461316,255
14970,186.341335,203.9367011,255
14975,186.3301803,203.9272781,255
14980,186.3190348,203.9178627,255
14985,186.3078987,203.9084547,255
14990,186.2967718,203.8990544,255
14995,186.2856542,203.8896615,255
15000,186.2745459,203.8802761,255
